id,gfap,neun,olig2,tmem119,area,y,x,label,label_sample
953,26.375,0.0,0.0171052631578947,5.838157894736842,760.0,7644.4,11166.434210526317,other,other_V10B01-087_A1
1081,16.80720092915215,38.00813008130081,1.494773519163763,13.92218350754936,861.0,7718.016260162602,10409.240418118468,neuron,neuron_V10B01-087_A1
1511,54.94108761329305,0.0,1.0861027190332326,18.552870090634443,662.0,7949.66918429003,11552.32326283988,astro,astro_V10B01-087_A1
1850,24.04295704295704,0.1718281718281718,0.0709290709290709,47.68731268731269,1001.0,8137.131868131868,10718.891108891108,micro,micro_V10B01-087_A1
1873,28.367346938775512,0.2015306122448979,0.0076530612244897,35.890306122448976,1176.0,8149.090986394558,10886.707482993195,micro,micro_V10B01-087_A1
2064,30.00794551645857,0.0,0.097616345062429,8.886492622020432,881.0,8272.635641316685,10662.455164585695,other,other_V10B01-087_A1
2106,45.175548589341695,0.0,0.0114942528735632,7.236154649947753,957.0,8294.756530825496,10365.453500522466,astro,astro_V10B01-087_A1
2376,28.054455445544555,0.0495049504950495,2.392739273927393,50.742574257425744,606.0,8445.40099009901,9636.338283828383,micro,micro_V10B01-087_A1
2754,69.520366598778,0.0,0.0,24.21792260692464,982.0,8641.012219959266,11129.412423625254,astro,astro_V10B01-087_A1
2904,32.84216335540839,0.6192052980132451,0.4735099337748344,7.075055187637969,906.0,8706.58940397351,12184.153421633557,other,other_V10B01-087_A1
3139,24.306256860592757,0.0,0.0406147091108671,2.42371020856202,911.0,8823.308452250274,10334.01207464325,other,other_V10B01-087_A1
3261,51.07292817679558,0.0,0.0,1.0486187845303867,905.0,8885.00773480663,11104.40773480663,astro,astro_V10B01-087_A1
3328,22.9390243902439,0.0,0.0,28.45676274944568,902.0,8918.450110864746,10209.471175166296,micro,micro_V10B01-087_A1
3409,18.1461716937355,44.67981438515081,0.0011600928074245,11.069605568445477,862.0,8959.058004640372,11507.736658932714,neuron,neuron_V10B01-087_A1
3503,28.54195459032577,0.0266535044422507,22.84304047384008,4.876604146100691,1013.0,9007.716683119446,10578.65153010859,oligo,oligo_V10B01-087_A1
3568,70.61825726141079,0.0,0.3291839557399723,12.998616874135546,723.0,9037.929460580914,12011.636237897648,astro,astro_V10B01-087_A1
3901,14.555442522889114,0.0,20.646998982706,1.1251271617497456,983.0,9182.043743641912,9749.31943031536,oligo,oligo_V10B01-087_A1
3978,21.22584541062802,0.001207729468599,33.14613526570049,14.557971014492754,828.0,9214.916666666666,11097.437198067631,oligo,oligo_V10B01-087_A1
4153,11.142684401451028,0.0,45.23216444981862,5.704957678355502,827.0,9286.293833131802,8083.7097944377265,oligo,oligo_V10B01-087_A1
4157,25.324032403240324,0.0,0.0279027902790279,34.943294329432945,1111.0,9285.248424842484,12407.81098109811,micro,micro_V10B01-087_A1
4169,14.297872340425531,32.311411992263054,0.2359767891682785,4.460348162475822,1034.0,9288.013539651838,10118.664410058029,neuron,neuron_V10B01-087_A1
4736,17.632925472747498,0.0,17.624026696329256,8.777530589543938,899.0,9515.10233592881,10258.473859844273,oligo,oligo_V10B01-087_A1
4926,18.77910958904109,33.513698630136986,0.011986301369863,5.02054794520548,584.0,9581.097602739726,13020.215753424658,neuron,neuron_V10B01-087_A1
4960,24.504761904761907,0.0,12.657142857142857,7.410582010582011,945.0,9598.532275132276,11865.675132275132,oligo,oligo_V10B01-087_A1
5106,13.48938053097345,35.39823008849557,0.0008849557522123,5.802654867256638,1130.0,9642.308849557525,9110.350442477877,neuron,neuron_V10B01-087_A1
5762,22.281012658227848,0.0,0.0683544303797468,3.779746835443038,395.0,9864.162025316456,13173.00253164557,other,other_V10B01-087_A1
5847,21.306756756756755,0.0,0.0135135135135135,56.9,740.0,9884.72027027027,12383.982432432433,micro,micro_V10B01-087_A1
6261,16.214435146443513,0.0,0.0,3.5993723849372383,956.0,10018.235355648536,9899.558577405858,other,other_V10B01-087_A1
6675,0.6443873179091688,55.55355612682091,0.0462724935732647,1.4918594687232218,1167.0,10133.638389031705,6725.218508997429,neuron,neuron_V10B01-087_A1
6874,11.733931240657698,2.6472346786248133,43.946188340807176,8.26457399103139,669.0,10191.587443946188,9639.67414050822,oligo,oligo_V10B01-087_A1
6888,26.478206724782066,0.0,1.4931506849315068,67.93150684931507,803.0,10196.12702366127,12802.102117061022,micro,micro_V10B01-087_A1
7304,17.86221590909091,0.0909090909090909,73.28551136363636,16.34375,704.0,10322.99715909091,11104.930397727272,oligo,oligo_V10B01-087_A1
7457,19.98432055749129,29.928571428571427,0.0,9.21951219512195,1148.0,10365.048780487805,13615.30400696864,neuron,neuron_V10B01-087_A1
7688,32.08132875143185,0.0,0.1706758304696449,6.599083619702176,873.0,10425.86941580756,11597.193585337916,astro,astro_V10B01-087_A1
7700,20.30392156862745,34.07040998217469,0.0008912655971479,6.497326203208556,1122.0,10432.614973262032,11138.37789661319,neuron,neuron_V10B01-087_A1
7729,49.47027027027027,0.0,0.0,15.643243243243242,740.0,10444.087837837838,12956.293243243244,astro,astro_V10B01-087_A1
7841,2.293544457978076,0.248477466504263,0.0243605359317904,40.97320341047503,821.0,10474.53227771011,6694.929354445798,micro,micro_V10B01-087_A1
7907,23.983313468414774,0.5244338498212158,0.0,34.44100119189511,839.0,10491.591179976162,12916.07747318236,micro,micro_V10B01-087_A1
8316,42.82146439317954,0.0,0.0,5.369107321965898,997.0,10610.186559679038,12082.61183550652,astro,astro_V10B01-087_A1
8349,0.6137142857142858,0.0,0.0,2.089142857142857,875.0,10618.6,7639.029714285714,other,other_V10B01-087_A1
8373,44.954867256637165,0.0,4.7017699115044245,12.665486725663715,1130.0,10625.489380530971,12689.498230088497,astro,astro_V10B01-087_A1
8647,2.5562189054726367,0.4925373134328358,30.60597014925373,1.0308457711442789,1005.0,10696.425870646766,8605.280597014926,oligo,oligo_V10B01-087_A1
8715,0.161217587373168,0.0,22.656144306651637,6.322435174746336,887.0,10708.502818489287,5495.835400225479,oligo,oligo_V10B01-087_A1
8800,9.788785046728972,0.0,0.0,1.3504672897196262,1070.0,10734.4738317757,10083.945794392524,other,other_V10B01-087_A1
9366,0.1698841698841698,0.3368725868725868,0.0,21.557915057915057,1036.0,10887.283783783783,6123.640926640926,micro,micro_V10B01-087_A1
9488,0.3620689655172414,38.86025408348458,0.0099818511796733,0.7431941923774955,1102.0,10917.691470054446,6574.320326678766,neuron,neuron_V10B01-087_A1
9886,0.0483221476510067,4.683221476510068,0.0,2.2335570469798656,745.0,11023.472483221476,5581.362416107382,other,other_V10B01-087_A1
10214,19.97123015873016,28.03769841269841,0.0,3.4176587301587302,1008.0,11107.676587301588,14111.85119047619,neuron,neuron_V10B01-087_A1
10976,23.12818096135721,0.0,0.0094250706880301,4.749293119698398,1061.0,11294.474081055609,11158.995287464655,other,other_V10B01-087_A1
11008,0.0472061657032755,54.61175337186898,0.0,0.3217726396917148,1038.0,11301.210019267824,4638.181117533719,neuron,neuron_V10B01-087_A1
11507,38.88277268093782,0.0,0.2130479102956167,5.096839959225281,981.0,11431.360856269112,10326.371049949032,astro,astro_V10B01-087_A1
11597,1.2196467991169977,0.0375275938189845,0.2251655629139073,3.349889624724062,906.0,11450.309050772628,9062.717439293598,other,other_V10B01-087_A1
11814,68.28585858585859,0.0202020202020202,0.0111111111111111,4.946464646464647,990.0,11504.576767676768,12935.80404040404,astro,astro_V10B01-087_A1
11887,23.48478488982161,0.0,0.0,2.9779643231899264,953.0,11523.275970619095,12879.469045120672,other,other_V10B01-087_A1
12054,40.26102502979738,0.0119189511323003,1.1036948748510131,39.891537544696064,839.0,11557.040524433847,14232.636471990463,micro,micro_V10B01-087_A1
12865,0.4873501997336884,1.6351531291611183,27.825565912117177,12.139813581890811,751.0,11766.781624500663,6944.324900133156,oligo,oligo_V10B01-087_A1
12932,26.420570264765782,21.482688391038696,0.0417515274949083,7.0336048879837065,982.0,11783.726069246435,15132.58350305499,neuron,neuron_V10B01-087_A1
13589,67.99041916167664,0.0778443113772455,1.9305389221556888,13.137724550898204,835.0,11939.958083832336,12579.22634730539,astro,astro_V10B01-087_A1
13599,0.3833619210977702,26.38164665523156,0.0694682675814751,2.1054888507718696,1166.0,11945.635506003431,7658.704116638079,neuron,neuron_V10B01-087_A1
13632,17.382667964946446,35.596884128529695,0.0350535540408958,1.798442064264849,1027.0,11951.490749756573,14245.087633885105,neuron,neuron_V10B01-087_A1
13745,69.01782682512733,0.0,0.0,22.792869269949065,1178.0,11980.731748726655,12560.730050933786,astro,astro_V10B01-087_A1
14249,4.348864994026284,7.911589008363202,30.06929510155317,0.4002389486260454,837.0,12115.63321385902,4554.565113500597,oligo,oligo_V10B01-087_A1
14397,68.58386411889596,23.89384288747346,0.0021231422505307,6.314225053078556,471.0,12140.492569002125,13532.445859872612,astro,astro_V10B01-087_A1
14413,0.2846715328467153,0.0,40.76399026763991,3.4367396593673964,822.0,12152.428223844285,6542.346715328467,oligo,oligo_V10B01-087_A1
14683,70.28995433789954,0.0,0.0,2.0913242009132422,438.0,12224.09589041096,4975.511415525114,astro,astro_V10B01-087_A1
14688,53.95245170876672,0.0,0.3105497771173848,6.104011887072808,673.0,12228.98514115899,14408.07132243685,astro,astro_V10B01-087_A1
14789,72.804537521815,0.2198952879581152,4.62303664921466,17.273996509598604,573.0,12262.719022687608,14150.3630017452,astro,astro_V10B01-087_A1
14848,27.54222222222222,0.0,27.16592592592593,28.79111111111111,675.0,12272.223703703705,13256.33925925926,oligo,oligo_V10B01-087_A1
14892,0.138623326959847,0.8527724665391969,0.0038240917782026,0.3680688336520076,1046.0,12287.053537284895,5822.92638623327,other,other_V10B01-087_A1
14931,44.7317436661699,0.0,0.4143070044709389,9.640834575260804,671.0,12297.59612518629,12038.137108792847,astro,astro_V10B01-087_A1
14943,29.49476439790576,0.0,0.0794066317626527,7.87434554973822,1146.0,12301.02792321117,14527.199825479933,other,other_V10B01-087_A1
15033,1.9025069637883008,21.75766016713092,0.0,0.6295264623955432,1077.0,12328.615598885794,9992.422469823585,neuron,neuron_V10B01-087_A1
15511,77.64663805436338,0.0228898426323319,0.0271816881258941,2.6738197424892705,699.0,12450.002861230329,4692.4306151645205,astro,astro_V10B01-087_A1
15554,1.4085155350978136,0.0,0.567318757192175,27.434982738780207,869.0,12462.036823935558,8640.646720368239,micro,micro_V10B01-087_A1
15583,91.96010638297872,0.0,0.0,0.5970744680851063,752.0,12469.783244680852,4691.91755319149,astro,astro_V10B01-087_A1
15758,22.55466970387244,0.0649202733485193,0.0,3.9043280182232345,878.0,12514.134396355354,13543.896355353076,other,other_V10B01-087_A1
16007,55.204301075268816,0.0552995391705069,19.13978494623656,13.886328725038403,651.0,12574.955453149,14119.47004608295,astro,astro_V10B01-087_A1
16098,13.35601118359739,52.45573159366263,0.054054054054054,7.512581547064306,1073.0,12607.995340167754,12330.004659832246,neuron,neuron_V10B01-087_A1
16286,0.8090062111801242,71.71739130434783,0.0652173913043478,1.1801242236024845,1288.0,12666.268633540372,10121.478260869566,neuron,neuron_V10B01-087_A1
16551,6.7892888498683055,37.78841088674276,0.6251097453906936,0.733099209833187,1139.0,12730.460930640911,11495.423178226514,neuron,neuron_V10B01-087_A1
16678,0.4082644628099173,55.186776859504135,0.0,4.061157024793388,1210.0,12765.281818181818,6074.245454545455,neuron,neuron_V10B01-087_A1
16686,5.105527638190955,0.0150753768844221,27.850502512562816,7.290201005025126,796.0,12765.576633165829,9556.48743718593,oligo,oligo_V10B01-087_A1
16772,25.31953428201811,0.6520051746442432,68.61319534282018,14.954721862871928,773.0,12793.818887451487,14387.27425614489,oligo,oligo_V10B01-087_A1
16869,3.664473684210526,0.3486842105263157,0.4295112781954887,2.8336466165413534,1064.0,12814.788533834586,10499.796992481202,other,other_V10B01-087_A1
17323,4.336812144212524,0.0,0.0,22.23055028462998,1054.0,12937.513282732449,8570.486717267551,micro,micro_V10B01-087_A1
17555,47.95145631067961,0.0,0.0,3.3122977346278315,618.0,12995.859223300971,3231.7022653721683,astro,astro_V10B01-087_A1
17701,23.24078947368421,0.0,19.264473684210525,10.468421052631578,760.0,13033.02894736842,15861.522368421052,oligo,oligo_V10B01-087_A1
17727,0.7133396404919584,54.385998107852416,0.2838221381267738,2.51844843897824,1057.0,13045.401135288552,7731.950804162725,neuron,neuron_V10B01-087_A1
17757,24.236208236208235,0.0,0.4001554001554001,49.68919968919969,1287.0,13055.174048174047,15512.763014763015,micro,micro_V10B01-087_A1
17924,4.8034557235421165,0.0,0.183585313174946,3.101511879049676,926.0,13090.774298056156,11349.55939524838,other,other_V10B01-087_A1
18005,36.4219512195122,0.0,0.0,3.1414634146341465,820.0,13114.99024390244,16425.803658536584,other,other_V10B01-087_A1
18163,28.69264544456641,0.0,0.5806805708013172,44.21075740944018,911.0,13155.508232711309,14813.141602634469,micro,micro_V10B01-087_A1
18351,61.32606199770379,0.0,2.3501722158438576,10.133180252583236,871.0,13207.14466130884,14804.811710677384,astro,astro_V10B01-087_A1
18895,21.2970106075217,0.0,0.0,2.4783027965284474,1037.0,13332.04918032787,3260.274831243973,astro,astro_V10B01-087_A1
18955,25.23023578363384,0.0,19.045769764216367,17.97642163661581,721.0,13348.95145631068,16219.361997226077,oligo,oligo_V10B01-087_A1
19260,1.2725225225225223,0.0,0.0,3.152027027027027,888.0,13427.313063063064,9350.951576576575,other,other_V10B01-087_A1
19324,19.84503816793893,0.0,36.318320610687024,10.936641221374046,1310.0,13446.240458015269,15372.664122137405,oligo,oligo_V10B01-087_A1
19453,15.973926380368098,0.2837423312883436,1.1809815950920246,34.04141104294479,652.0,13476.918711656444,13292.358895705522,micro,micro_V10B01-087_A1
19560,20.666666666666668,29.195340501792117,0.4623655913978494,6.183691756272402,1116.0,13510.80734767025,15389.376344086022,neuron,neuron_V10B01-087_A1
19690,10.43469387755102,0.0,0.0,2.0755102040816324,980.0,13539.574489795918,12737.075510204082,other,other_V10B01-087_A1
20515,25.778169014084508,0.0,16.333333333333332,43.49530516431925,852.0,13761.204225352112,16745.924882629108,oligo,oligo_V10B01-087_A1
20729,75.65207373271889,0.0,7.453917050691245,11.513824884792626,434.0,13811.08064516129,14893.232718894007,astro,astro_V10B01-087_A1
20789,5.647990255785627,0.6382460414129111,0.0,24.630937880633372,821.0,13823.354445797808,4843.9671132764925,micro,micro_V10B01-087_A1
20944,8.139817629179332,0.5927051671732523,1.1778115501519757,27.475683890577507,658.0,13872.88905775076,12745.544072948329,micro,micro_V10B01-087_A1
20962,4.414285714285715,1.3683673469387756,1.1806122448979592,2.6418367346938774,980.0,13873.261224489795,6307.957142857143,other,other_V10B01-087_A1
21036,1.5601145038167938,34.26431297709924,0.0477099236641221,0.3730916030534351,1048.0,13894.104007633588,8342.245229007634,neuron,neuron_V10B01-087_A1
21348,21.91731843575419,24.81899441340782,0.1486033519553072,2.534078212290503,895.0,13981.810055865924,14208.08938547486,neuron,neuron_V10B01-087_A1
21424,49.57017543859649,0.0,0.0,10.4481658692185,1254.0,14010.235247208931,15962.39393939394,astro,astro_V10B01-087_A1
21434,1.8660377358490563,0.1358490566037735,38.5811320754717,1.0943396226415094,530.0,14011.786792452833,7121.130188679245,oligo,oligo_V10B01-087_A1
21487,3.656435643564357,0.0574257425742574,0.0,0.8732673267326733,1010.0,14028.944554455446,10235.69207920792,other,other_V10B01-087_A1
21678,45.90070921985816,0.0,0.0382978723404255,8.384397163120568,705.0,14082.487943262411,15683.791489361702,astro,astro_V10B01-087_A1
21887,0.5957683741648107,58.10356347438753,0.0,2.601336302895323,898.0,14146.653674832962,7317.018930957684,neuron,neuron_V10B01-087_A1
22046,1.7760652765185856,3.199456029011786,0.0389845874886672,0.0643699002719855,1103.0,14183.711695376249,8304.553943789664,other,other_V10B01-087_A1
22523,9.503501400560223,0.0,57.57773109243698,2.037114845938375,1428.0,14314.750700280112,4400.486694677871,oligo,oligo_V10B01-087_A1
22685,37.635995955510616,0.0,0.0,8.136501516683518,989.0,14361.32760364004,15316.6865520728,astro,astro_V10B01-087_A1
22886,2.522421524663677,5.994394618834081,0.0672645739910313,0.3654708520179372,892.0,14415.558295964123,8747.57735426009,other,other_V10B01-087_A1
23071,2.0445765230312034,0.0,0.0,3.364041604754829,673.0,14462.94205052006,6778.368499257058,other,other_V10B01-087_A1
23477,3.189453125,0.052734375,17.140625,2.8466796875,1024.0,14586.4775390625,11977.296875,oligo,oligo_V10B01-087_A1
23563,8.10801393728223,0.0,29.433797909407662,0.0174216027874564,574.0,14607.759581881532,4463.850174216028,oligo,oligo_V10B01-087_A1
23595,0.3409363745498199,30.98079231692677,0.0,3.4057623049219687,833.0,14619.085234093638,11941.870348139257,neuron,neuron_V10B01-087_A1
23970,32.60140845070423,0.0,0.0,8.740845070422536,710.0,14727.835211267606,15473.285915492956,other,other_V10B01-087_A1
23986,8.48036253776435,38.73313192346425,0.0050352467270896,2.8277945619335347,993.0,14737.510574018126,5766.886203423967,neuron,neuron_V10B01-087_A1
24208,3.744765702891326,0.0129611166500498,0.0,36.20338983050848,1003.0,14801.195413758724,10863.651046859422,micro,micro_V10B01-087_A1
24395,4.103960396039604,0.6868811881188119,44.52475247524752,0.2586633663366336,808.0,14851.40594059406,9498.60891089109,oligo,oligo_V10B01-087_A1
24523,10.346518987341772,0.0,19.873417721518987,5.686708860759493,1264.0,14882.492088607594,12651.054588607594,oligo,oligo_V10B01-087_A1
24546,2.629283489096573,2.1754932502596054,0.0664589823468328,1.9543094496365525,963.0,14887.88785046729,10562.752855659395,other,other_V10B01-087_A1
24627,9.903394255874671,0.0,12.142297650130548,7.31331592689295,766.0,14912.808093994778,5571.271540469974,oligo,oligo_V10B01-087_A1
25083,43.9287109375,0.0,0.0,0.958984375,1024.0,15069.3857421875,4320.0458984375,astro,astro_V10B01-087_A1
25229,2.949944382647386,35.95550611790879,0.0122358175750834,2.830923248053393,899.0,15116.987764182424,10077.768631813124,neuron,neuron_V10B01-087_A1
25392,65.63951120162933,0.0,0.0,3.705702647657841,982.0,15168.887983706722,4317.084521384929,astro,astro_V10B01-087_A1
25522,5.6048,0.208,0.088,31.1232,625.0,15204.92,11127.0656,micro,micro_V10B01-087_A1
25567,30.144053601340037,0.0,0.0,18.195979899497488,1194.0,15228.282244556114,4537.188442211055,micro,micro_V10B01-087_A1
25603,6.3907056798623065,59.02323580034423,0.1781411359724612,0.6273666092943201,1162.0,15236.901893287437,6761.565404475043,neuron,neuron_V10B01-087_A1
25643,7.03755364806867,0.0,30.54828326180257,1.4163090128755365,932.0,15250.723175965666,6308.584763948498,oligo,oligo_V10B01-087_A1
25752,6.579064587973274,2.378619153674833,0.0,35.17817371937639,449.0,15277.048997772828,10327.583518930958,micro,micro_V10B01-087_A1
25946,11.782463928967813,0.0,0.0699223085460599,3.110987791342952,901.0,15344.749167591564,14821.718091009989,other,other_V10B01-087_A1
26762,5.710720887245841,0.0,0.022181146025878,17.911275415896487,1082.0,15619.073012939,11029.285582255085,micro,micro_V10B01-087_A1
27358,4.894957983193278,0.0714285714285714,0.0067226890756302,17.903361344537814,1190.0,15850.052100840336,11149.961344537816,micro,micro_V10B01-087_A1
27476,4.197278911564626,13.65578231292517,44.65714285714286,0.4938775510204081,735.0,15891.816326530612,8045.314285714286,oligo,oligo_V10B01-087_A1
27568,5.252279635258359,0.0,0.0,3.6666666666666665,987.0,15923.87740628166,10733.857142857143,other,other_V10B01-087_A1
27615,3.2088607594936707,0.4638336347197107,0.0,2.16998191681736,1106.0,15943.80108499096,13555.042495479203,other,other_V10B01-087_A1
27646,5.331734612310152,0.0,0.1286970423661071,25.320543565147883,1251.0,15958.888888888889,9728.272581934452,micro,micro_V10B01-087_A1
27961,11.170552147239263,1.332515337423313,1.0515337423312885,24.42085889570552,815.0,16076.114110429447,8323.734969325153,micro,micro_V10B01-087_A1
28160,8.473751600512164,0.0,0.0,19.17029449423816,781.0,16152.016645326505,6855.449423815621,micro,micro_V10B01-087_A1
28285,4.887345679012346,0.0,35.63348765432099,4.453703703703703,1296.0,16198.780092592591,10154.912037037036,oligo,oligo_V10B01-087_A1
28635,2.8258238063214525,89.25285810356422,0.3167451244115669,0.2373907195696032,1487.0,16356.484868863485,9929.505716207128,neuron,neuron_V10B01-087_A1
29187,2.9167657550535075,22.330558858501785,0.0368608799048751,1.3555291319857312,841.0,16600.983353151012,9593.516052318668,neuron,neuron_V10B01-087_A1
29253,12.224629418472064,4.125427594070696,0.0,25.843785632839225,877.0,16633.264538198404,6634.477765108324,micro,micro_V10B01-087_A1
30344,1.2578947368421052,0.0,0.0084210526315789,18.66315789473684,950.0,17199.095789473686,8572.131578947368,micro,micro_V10B01-087_A1
30363,0.871968962172648,0.2095053346265761,0.0,23.30649854510184,1031.0,17211.10863239573,9706.34917555771,micro,micro_V10B01-087_A1
1141,15.930795847750865,64.71799307958477,0.0043252595155709,1.120242214532872,1156.0,3964.7015570934254,16346.134948096886,neuron,neuron_V10B01-087_B1
1236,31.493064312736443,0.0,0.0138713745271122,1.6569987389659522,793.0,4003.938209331652,15384.41235813367,other,other_V10B01-087_B1
1465,23.99724517906336,0.0,0.5206611570247934,53.33471074380165,726.0,4091.494490358127,14194.741046831956,micro,micro_V10B01-087_B1
1995,11.850818094321465,16.948989412897017,0.0019249278152069,0.3792107795957651,1039.0,4299.183830606352,12513.48219441771,neuron,neuron_V10B01-087_B1
2187,30.453514739229025,0.0,0.0,3.865079365079365,882.0,4374.683673469388,15067.57596371882,other,other_V10B01-087_B1
2306,21.79603729603729,0.0011655011655011,26.84731934731935,6.351981351981352,858.0,4416.777389277389,16398.931235431235,oligo,oligo_V10B01-087_B1
2602,26.162916291629163,0.0,0.1845184518451845,2.4725472547254728,1111.0,4525.072907290729,16408.481548154814,other,other_V10B01-087_B1
2626,45.467168998923576,0.7395048439181916,0.3993541442411195,41.022604951560815,929.0,4530.931108719053,15612.318622174382,micro,micro_V10B01-087_B1
2683,26.122596153846157,0.0,0.0,31.426682692307693,832.0,4545.634615384615,15836.954326923076,micro,micro_V10B01-087_B1
3077,31.48076923076923,0.0,0.0091575091575091,29.71245421245421,1092.0,4678.936813186813,14725.545787545789,micro,micro_V10B01-087_B1
3210,5.621387283236994,56.289739884393065,0.0057803468208092,0.1365606936416185,1384.0,4726.219653179191,11690.73049132948,neuron,neuron_V10B01-087_B1
3338,18.2085201793722,91.39910313901343,0.0,3.716367713004484,892.0,4763.782511210762,16764.856502242154,neuron,neuron_V10B01-087_B1
3373,28.30172413793104,0.0,0.0,1.9030172413793105,1392.0,4776.181752873563,15374.321120689656,other,other_V10B01-087_B1
3662,21.335658238884044,0.1063644289450741,0.039232781168265,29.445510026155187,1147.0,4869.573670444638,13760.487358326069,micro,micro_V10B01-087_B1
3986,57.8992443324937,0.0,0.0,1.1889168765743072,794.0,4981.784634760706,15006.035264483628,astro,astro_V10B01-087_B1
4032,6.2259887005649714,0.1005649717514124,43.54350282485876,0.5322033898305085,885.0,5000.34011299435,11786.024858757062,oligo,oligo_V10B01-087_B1
4141,31.606120434353407,0.0236920039486673,0.0,26.90523198420533,1013.0,5034.651530108588,15564.898321816388,micro,micro_V10B01-087_B1
4168,25.48988764044944,0.0,31.75842696629213,3.160674157303371,890.0,5039.648314606741,17178.080898876404,oligo,oligo_V10B01-087_B1
4303,23.89156626506024,0.0254350736278447,0.7898259705488622,4.421686746987952,747.0,5079.817938420348,13074.858099062918,other,other_V10B01-087_B1
4577,48.34626865671642,0.0,0.0,1.8517412935323383,1005.0,5170.277611940299,15777.715422885572,astro,astro_V10B01-087_B1
4827,54.983574879227056,0.0541062801932367,0.0,1.6222222222222222,1035.0,5254.932367149759,13977.253140096618,astro,astro_V10B01-087_B1
4897,22.761245674740483,0.0,54.44117647058823,1.7352941176470589,578.0,5271.839100346021,17149.923875432527,oligo,oligo_V10B01-087_B1
4968,27.527749747729565,0.0,0.0,2.457114026236125,991.0,5298.128153380424,13774.92431886983,other,other_V10B01-087_B1
5079,13.272222222222222,0.7287037037037037,0.0,1.1842592592592591,1080.0,5332.990740740741,16825.024074074074,other,other_V10B01-087_B1
5360,13.13466787989081,0.0464058234758871,0.0,0.4494995450409463,1099.0,5413.373066424022,9870.056414922656,other,other_V10B01-087_B1
5580,59.564948453608245,0.7608247422680412,0.0,2.590721649484536,970.0,5483.631958762887,13656.303092783504,astro,astro_V10B01-087_B1
5660,16.9135687732342,0.0650557620817843,0.0009293680297397,28.08921933085502,1076.0,5509.0157992565055,17134.404275092937,micro,micro_V10B01-087_B1
5671,27.422101449275363,0.0,0.266304347826087,37.69927536231884,552.0,5508.192028985507,15138.682971014492,micro,micro_V10B01-087_B1
5957,51.90436005625879,0.0,0.0,6.246132208157524,711.0,5599.393811533052,16946.805907172995,astro,astro_V10B01-087_B1
6456,23.43949044585987,0.0,0.2123142250530785,41.14012738853504,471.0,5744.67940552017,16604.908704883226,micro,micro_V10B01-087_B1
6741,54.92486187845304,0.0,0.0,2.335911602209945,905.0,5818.742541436464,14505.043093922652,astro,astro_V10B01-087_B1
7070,58.095774647887325,0.0267605633802816,0.0,7.79718309859155,710.0,5902.767605633803,14346.869014084506,astro,astro_V10B01-087_B1
7205,33.44017725258493,0.2961595273264402,0.0,0.0420974889217134,1354.0,5952.97341211226,12376.585672082718,astro,astro_V10B01-087_B1
7763,6.434219985621855,48.39827462257369,0.117900790797987,0.0625449317038102,1391.0,6110.909417685119,11420.838964773544,neuron,neuron_V10B01-087_B1
7777,12.45880452342488,2.2180936995153475,27.689822294022616,0.4345718901453958,619.0,6104.001615508885,10865.434571890146,oligo,oligo_V10B01-087_B1
7860,25.308685446009388,0.0,0.5727699530516432,4.482394366197183,852.0,6127.192488262911,15156.862676056338,other,other_V10B01-087_B1
7885,17.690338563170933,24.04211395540875,0.2014863748967795,0.0569777043765483,1211.0,6143.391412056152,10070.351775392235,neuron,neuron_V10B01-087_B1
7979,16.678601165695255,48.898417985012486,0.1232306411323896,2.806827643630308,1201.0,6165.079933388843,17169.2506244796,neuron,neuron_V10B01-087_B1
8205,68.2091743119266,0.0,0.3146788990825688,1.928440366972477,1090.0,6227.902752293578,16191.457798165138,astro,astro_V10B01-087_B1
8532,28.203023758099352,0.0399568034557235,0.0,62.73866090712743,926.0,6321.735421166307,16014.460043196545,micro,micro_V10B01-087_B1
8898,6.719834710743801,62.88512396694215,0.2851239669421487,1.6082644628099174,1210.0,6431.06694214876,11723.447107438016,neuron,neuron_V10B01-087_B1
8956,41.45255474452555,0.0,1.3159541188738269,0.1084462982273201,959.0,6445.241918665276,16244.558915537018,astro,astro_V10B01-087_B1
9080,38.01674008810573,0.0,0.0,3.2740088105726874,1135.0,6484.6035242290745,16079.541850220265,astro,astro_V10B01-087_B1
9174,26.45382585751979,0.0043975373790677,0.0070360598065083,30.8636763412489,1137.0,6514.5259454705365,16561.963060686016,micro,micro_V10B01-087_B1
9326,24.384303112313937,0.0,0.0230040595399188,4.21786197564276,739.0,6556.802435723951,16920.420838971582,other,other_V10B01-087_B1
9427,18.773826458036982,0.0,0.0,2.9317211948790898,703.0,6585.762446657183,13967.024182076811,other,other_V10B01-087_B1
9562,28.910926365795724,0.0,0.0,54.60095011876484,842.0,6624.127078384799,15475.97624703088,micro,micro_V10B01-087_B1
9575,12.843843843843844,60.91366366366366,0.0,3.3475975975975976,1332.0,6630.34084084084,13134.460960960962,neuron,neuron_V10B01-087_B1
9590,26.59025787965616,0.0,0.0,81.8538681948424,349.0,6625.515759312321,15395.805157593124,micro,micro_V10B01-087_B1
9611,53.05132905591201,0.0,0.0,1.6379468377635198,1091.0,6636.8744271310725,15329.515123739688,astro,astro_V10B01-087_B1
9684,14.06474820143885,0.0,38.912470023980816,6.552757793764988,834.0,6661.785371702638,11972.32134292566,oligo,oligo_V10B01-087_B1
9737,11.276765375854216,2.58997722095672,29.70615034168565,7.517084282460137,878.0,6674.546697038724,11706.793849658314,oligo,oligo_V10B01-087_B1
10297,4.885291396854764,70.06567992599444,0.0,0.0860314523589269,1081.0,6831.202590194264,5949.431082331175,neuron,neuron_V10B01-087_B1
10312,13.23673870333988,0.3988212180746562,0.0166994106090373,0.0353634577603143,1018.0,6834.833988212181,10671.21905697446,other,other_V10B01-087_B1
10315,24.802094240837697,0.0,0.0,48.7151832460733,955.0,6836.674345549738,15407.13612565445,micro,micro_V10B01-087_B1
10318,28.290674603174605,0.0863095238095238,1.0634920634920637,44.78769841269841,1008.0,6837.612103174603,16320.338293650791,micro,micro_V10B01-087_B1
10334,66.62694300518135,0.0,0.0,0.2305699481865284,386.0,6835.893782383419,16205.007772020725,astro,astro_V10B01-087_B1
10364,6.72759538598048,58.11623779946761,0.0,0.9130434782608696,1127.0,6849.930789707188,5636.420585625555,neuron,neuron_V10B01-087_B1
10510,50.23041997729853,0.0,0.0,7.452894438138479,881.0,6891.306469920545,15741.78320090806,astro,astro_V10B01-087_B1
10698,10.512256973795436,51.97548605240913,0.4564666103127641,1.1563820794590025,1183.0,6942.194420963651,11386.427726120031,neuron,neuron_V10B01-087_B1
10774,24.067547723935387,0.0,0.0,5.104258443465492,681.0,6956.45080763583,16865.883994126285,other,other_V10B01-087_B1
10901,10.02883506343714,0.4567474048442906,34.06574394463668,0.7993079584775087,867.0,6997.420991926182,12429.25720876586,oligo,oligo_V10B01-087_B1
11434,17.41393442622951,7.976775956284153,0.0,39.19535519125683,732.0,7147.474043715847,7167.530054644809,micro,micro_V10B01-087_B1
11476,61.15823970037453,0.0,0.0,0.5280898876404494,1068.0,7164.439138576779,14471.626404494382,astro,astro_V10B01-087_B1
11850,21.206720977596746,42.490835030549896,0.0,2.059063136456212,982.0,7256.5,14417.026476578412,neuron,neuron_V10B01-087_B1
12088,21.7054794520548,0.0,0.0,40.57534246575342,1168.0,7319.559931506849,14319.06678082192,micro,micro_V10B01-087_B1
12226,56.1978021978022,14.636363636363637,0.0,13.176823176823175,1001.0,7358.764235764236,15760.872127872128,astro,astro_V10B01-087_B1
12541,47.37865055387714,0.1148036253776435,0.0473313192346425,1.3756294058408862,993.0,7453.107754279959,10891.777442094664,astro,astro_V10B01-087_B1
12916,49.09045725646124,0.0,0.0,0.547713717693837,1006.0,7556.712723658052,15201.640159045726,astro,astro_V10B01-087_B1
12942,15.30623020063358,0.0052798310454065,36.92713833157339,0.099260823653643,947.0,7561.491024287223,11987.153115100316,oligo,oligo_V10B01-087_B1
12990,52.89473684210526,0.0,0.0,0.6376988984088128,817.0,7576.386780905753,11490.233782129742,astro,astro_V10B01-087_B1
13047,45.86939182452642,0.0,0.0,4.385842472582254,1003.0,7587.424725822532,7791.934197407777,astro,astro_V10B01-087_B1
13764,22.212152420185376,0.2698249227600412,0.0,38.05973223480947,971.0,7772.371781668383,14279.098867147271,micro,micro_V10B01-087_B1
13876,11.989071038251366,0.0,25.311475409836067,0.1672131147540983,915.0,7806.960655737705,12609.20218579235,oligo,oligo_V10B01-087_B1
14035,12.189723320158103,0.0,0.1047430830039525,0.6343873517786561,506.0,7841.444664031621,12545.707509881422,other,other_V10B01-087_B1
14549,52.52650176678445,0.0,0.0,2.133097762073027,849.0,7992.961130742049,15470.19199057715,astro,astro_V10B01-087_B1
14822,31.125,0.013,0.0,35.903,1000.0,8072.225,8182.051,micro,micro_V10B01-087_B1
15192,12.857803468208092,2.722543352601156,37.40346820809248,0.2057803468208092,865.0,8172.117919075144,12308.295953757226,oligo,oligo_V10B01-087_B1
15439,27.91495327102804,0.0,0.0,34.728971962616825,1070.0,8222.459813084111,15671.68691588785,micro,micro_V10B01-087_B1
15527,7.82830626450116,57.49961330239753,0.0440835266821345,1.2412993039443156,1293.0,8253.491879350348,11985.514307811292,neuron,neuron_V10B01-087_B1
15646,31.51338199513382,0.0,0.5182481751824818,13.261962692619626,1233.0,8285.127331711274,16690.610705596107,other,other_V10B01-087_B1
15699,38.63319386331938,0.0,0.0,41.45746164574616,717.0,8296.009762900976,16092.354253835423,micro,micro_V10B01-087_B1
15800,95.81311475409836,0.0,0.0,2.1508196721311474,610.0,8318.706557377049,16010.240983606558,astro,astro_V10B01-087_B1
16456,15.996463306808137,0.0,31.499557913351016,0.4447391688770999,1131.0,8495.844385499558,12997.415561450043,oligo,oligo_V10B01-087_B1
16607,14.777372262773724,69.48813868613139,0.0155109489051094,3.979014598540146,1096.0,8537.858576642337,14884.982664233576,neuron,neuron_V10B01-087_B1
16787,12.05097312326228,1.5180722891566265,0.0296570898980537,3.593141797961075,1079.0,8593.629286376274,13738.573679332716,other,other_V10B01-087_B1
17000,38.08983050847458,0.0,0.0,0.3228813559322034,1180.0,8660.74406779661,14801.865254237287,astro,astro_V10B01-087_B1
17326,6.478971962616822,43.677570093457945,0.0,4.313084112149533,856.0,8752.053738317756,7475.938084112149,neuron,neuron_V10B01-087_B1
17392,7.48024948024948,51.78482328482328,0.1216216216216216,0.0717255717255717,962.0,8772.70893970894,12708.091476091477,neuron,neuron_V10B01-087_B1
17462,37.054545454545455,0.0,0.0949494949494949,42.67878787878788,495.0,8787.351515151515,16921.597979797978,micro,micro_V10B01-087_B1
18015,16.470866141732284,2.348031496062992,0.9748031496062992,16.222047244094487,635.0,8952.264566929134,14130.68188976378,micro,micro_V10B01-087_B1
19082,16.268686868686867,4.254545454545455,26.677777777777777,0.7080808080808081,990.0,9271.264646464646,8579.627272727274,oligo,oligo_V10B01-087_B1
19090,25.837958818263203,0.0,23.029543419874663,2.0053715308863027,1117.0,9276.248880931063,10996.712623097585,oligo,oligo_V10B01-087_B1
19738,34.03626943005181,0.0,0.0,10.132642487046631,965.0,9465.524352331606,6365.80414507772,astro,astro_V10B01-087_B1
19951,42.75409836065574,0.0,0.0,35.84016393442623,732.0,9519.027322404372,16467.84699453552,micro,micro_V10B01-087_B1
20051,11.904761904761903,0.0262725779967159,0.0,0.1395730706075533,609.0,9548.699507389165,8596.03776683087,other,other_V10B01-087_B1
20120,17.265522875816995,0.0,27.348039215686278,2.7026143790849675,1224.0,9572.066176470587,12862.70588235294,oligo,oligo_V10B01-087_B1
20154,25.810250817884405,0.0,29.3391494002181,5.449291166848419,917.0,9578.526717557252,15278.527808069794,oligo,oligo_V10B01-087_B1
20160,20.35516888433981,0.8935516888433982,0.0,17.83725690890481,977.0,9581.645854657114,12113.091095189357,micro,micro_V10B01-087_B1
20194,30.29230769230769,0.0,0.0054945054945054,5.735164835164835,910.0,9590.583516483515,15819.06043956044,other,other_V10B01-087_B1
20282,46.4696802646086,0.0,0.0,3.9195148842337377,907.0,9619.77618522602,16062.563395810364,astro,astro_V10B01-087_B1
20419,58.10443037974684,6.2542194092827,0.0,6.20464135021097,948.0,9671.553797468354,6371.1656118143455,astro,astro_V10B01-087_B1
20546,2.4928390901432183,65.14406065711879,0.0,0.2106149957877,1187.0,9708.908171861836,7243.022746419545,neuron,neuron_V10B01-087_B1
20758,16.68240850059032,0.0,36.94687131050768,0.1428571428571428,847.0,9776.632821723731,8169.733175914994,oligo,oligo_V10B01-087_B1
20824,9.679245283018869,0.3325471698113207,29.88679245283019,1.3325471698113207,848.0,9796.426886792451,7784.064858490566,oligo,oligo_V10B01-087_B1
21059,54.63840399002494,0.6122194513715711,0.0,5.498753117206983,802.0,9866.536159600995,16394.10349127182,astro,astro_V10B01-087_B1
21185,27.19496855345912,0.0449236298292902,26.143755615453728,2.221024258760108,1113.0,9897.930817610062,11513.741239892182,oligo,oligo_V10B01-087_B1
21360,31.753171856978085,8.14648212226067,0.0542099192618223,33.35755478662053,867.0,9954.951557093424,9621.754325259515,micro,micro_V10B01-087_B1
21767,15.628219484882418,0.0,32.70884658454647,0.206047032474804,893.0,10078.304591265398,13613.615901455769,oligo,oligo_V10B01-087_B1
21829,16.07782101167315,60.559338521400775,0.0457198443579766,1.3735408560311284,1028.0,10094.823929961089,14597.477626459144,neuron,neuron_V10B01-087_B1
21836,8.944700460829493,0.0,36.85253456221198,2.1274961597542243,651.0,10094.502304147463,7124.121351766513,oligo,oligo_V10B01-087_B1
21912,21.951058201058203,0.0,37.64814814814815,4.285714285714286,756.0,10115.906084656084,11547.380952380952,oligo,oligo_V10B01-087_B1
21926,12.039455782312926,0.0,0.1265306122448979,2.148299319727891,735.0,10120.425850340136,13819.654421768708,other,other_V10B01-087_B1
22283,17.80477673935618,2.4402907580477677,26.557632398753896,1.3997923156801662,963.0,10236.843198338524,12616.034267912772,oligo,oligo_V10B01-087_B1
22839,1.915282392026578,40.33139534883721,0.0,0.1038205980066445,1204.0,10411.285714285714,7995.202657807309,neuron,neuron_V10B01-087_B1
23116,18.76315789473684,49.188995215311,0.2858851674641148,3.22488038277512,836.0,10491.644736842103,14936.807416267942,neuron,neuron_V10B01-087_B1
23122,26.61727078891258,0.9744136460554372,0.0,2.9136460554371,938.0,10494.982942430704,11921.142857142857,other,other_V10B01-087_B1
23223,12.897071129707111,67.61255230125523,0.0560669456066945,2.1280334728033474,1195.0,10528.3179916318,12972.6410041841,neuron,neuron_V10B01-087_B1
23592,14.744323790720632,0.0,0.0,0.2329713721618953,1013.0,10634.500493583417,9977.755182625864,other,other_V10B01-087_B1
24099,20.114285714285717,7.38,28.26,2.435714285714285,700.0,10810.147142857142,13184.93,oligo,oligo_V10B01-087_B1
24830,17.512738853503183,0.2436305732484076,0.0,1.5079617834394905,628.0,11080.028662420382,15189.366242038215,other,other_V10B01-087_B1
25012,6.126016260162602,65.75121951219512,0.1284552845528455,0.0552845528455284,1230.0,11159.29430894309,8559.669918699186,neuron,neuron_V10B01-087_B1
25028,2.067837190742219,0.0,0.0,0.0694333599361532,1253.0,11164.27613727055,8177.842777334397,other,other_V10B01-087_B1
25436,11.723611111111111,2.6819444444444445,37.52777777777778,0.8291666666666667,720.0,11305.605555555556,9774.718055555555,oligo,oligo_V10B01-087_B1
25586,29.06687163720215,0.0,0.0,16.916218293620293,1301.0,11360.27824750192,12036.627978478096,micro,micro_V10B01-087_B1
25887,5.059464816650149,30.92368681863231,0.4449950445986125,0.4727452923686818,1009.0,11478.740336967294,8509.599603567889,neuron,neuron_V10B01-087_B1
25948,20.49010989010989,0.0868131868131868,55.2,1.7846153846153847,910.0,11502.365934065934,13342.642857142857,oligo,oligo_V10B01-087_B1
25972,7.572967678746327,1.0381978452497551,0.0675808031341821,0.0920666013712047,1021.0,11512.790401567092,9627.729676787463,other,other_V10B01-087_B1
26221,12.677110530896432,41.16013925152306,0.0565709312445604,3.8302872062663194,1149.0,11597.342906875543,13758.089643167972,neuron,neuron_V10B01-087_B1
26605,17.315356489945156,0.0402193784277879,20.213893967093234,1.896709323583181,1094.0,11756.918647166362,13432.499085923218,oligo,oligo_V10B01-087_B1
27309,10.65619223659889,51.36783733826248,0.1238447319778188,0.1515711645101663,1082.0,12054.71719038817,13866.42606284658,neuron,neuron_V10B01-087_B1
27701,43.227701993704095,0.0,0.0304302203567681,0.5876180482686254,953.0,12217.478488982162,11077.538300104932,astro,astro_V10B01-087_B1
27713,19.279646017699115,0.0,0.0,17.09911504424779,565.0,12218.049557522125,9936.146902654868,micro,micro_V10B01-087_B1
27975,20.85433715220949,47.79541734860884,1.0220949263502457,3.981178396072013,1222.0,12332.34124386252,12957.468085106382,neuron,neuron_V10B01-087_B1
28325,14.929311969839771,5.125353440150801,0.1536286522148916,1.8058435438265787,1061.0,12449.698397737982,13718.120640904806,other,other_V10B01-087_B1
28910,6.528263103802672,0.0,0.0,19.36073997944501,973.0,12676.700924974306,8224.174717368962,micro,micro_V10B01-087_B1
29546,8.679500520291363,1.781477627471384,0.1061394380853277,0.0,961.0,12909.374609781478,9358.05098855359,other,other_V10B01-087_B1
29985,19.368925831202045,46.83375959079284,2.273017902813299,4.4725063938618925,1564.0,13079.375959079283,10692.936061381077,neuron,neuron_V10B01-087_B1
30575,9.322093023255814,3.0848837209302324,0.0,23.095348837209304,860.0,13320.374418604652,8473.65,micro,micro_V10B01-087_B1
30926,7.808080808080808,0.0,27.737373737373737,0.0069930069930069,1287.0,13461.843822843824,9172.003885003884,oligo,oligo_V10B01-087_B1
31009,15.815809669992325,0.113584036838066,0.0,0.338449731389102,1303.0,13499.48810437452,11092.227935533385,other,other_V10B01-087_B1
31530,8.388044579533942,0.745694022289767,0.0,0.7963525835866262,987.0,13702.310030395136,9765.051671732524,other,other_V10B01-087_B1
31692,8.588235294117647,54.77224736048265,0.004524886877828,1.3861236802413273,663.0,13767.63499245852,10437.36802413273,neuron,neuron_V10B01-087_B1
31810,5.473443223443224,0.4139194139194139,29.376373626373628,2.7142857142857144,1092.0,13828.16391941392,8433.170329670329,oligo,oligo_V10B01-087_B1
31909,3.446358653093187,61.68676585747846,0.0,0.4455755677368833,1277.0,13885.225528582616,9398.63586530932,neuron,neuron_V10B01-087_B1
32179,37.20178799489144,0.0,0.0,1.3754789272030652,783.0,14022.618135376755,11115.888888888889,astro,astro_V10B01-087_B1
32412,34.191977077363894,0.0,0.0,0.0105062082139446,1047.0,14131.760267430756,9722.812798471825,astro,astro_V10B01-087_B1
33034,15.759183673469389,0.4816326530612245,0.0,0.1836734693877551,490.0,14449.495918367347,10813.051020408164,other,other_V10B01-087_B1
33330,7.684684684684685,3.839339339339339,50.81981981981982,0.0135135135135135,666.0,14620.312312312311,9419.732732732731,oligo,oligo_V10B01-087_B1
34622,16.270815074496056,0.0,0.2567922874671341,1.8124452234881685,1141.0,15327.033304119192,10487.323400525856,other,other_V10B01-087_B1
1501,2.86979969183359,52.00077041602465,1.4453004622496148,0.3636363636363636,1298.0,1181.3135593220338,7901.313559322034,neuron,neuron_V10B01-087_C1
2441,16.26980728051392,0.0,34.140256959314776,2.708779443254818,934.0,1442.4004282655246,10047.544967880083,oligo,oligo_V10B01-087_C1
3158,18.32494758909853,0.0,25.66142557651992,2.8270440251572326,954.0,1623.835429769392,9333.14570230608,oligo,oligo_V10B01-087_C1
3203,29.76887159533074,0.0,0.0,12.56420233463035,1285.0,1633.8762645914396,13193.155642023346,astro,astro_V10B01-087_C1
3681,17.425716189207193,0.0,32.18187874750166,8.033311125916056,1501.0,1752.521652231845,12389.01132578281,oligo,oligo_V10B01-087_C1
4032,5.473118279569892,86.83705541770058,0.0,3.782464846980976,1209.0,1845.1778329197684,7579.555004135649,neuron,neuron_V10B01-087_C1
4878,19.85429141716567,0.0033266799733865,52.46307385229541,13.347970725216234,1503.0,2059.528276779774,13709.190951430472,oligo,oligo_V10B01-087_C1
5786,46.09865470852018,0.0,0.0,20.707025411061284,669.0,2283.5665171898354,10315.93273542601,astro,astro_V10B01-087_C1
6075,13.212147887323944,80.54137323943662,0.0184859154929577,3.946302816901409,1136.0,2365.199823943662,7698.158450704225,neuron,neuron_V10B01-087_C1
6360,24.16203259827421,0.0,0.0278044103547459,0.9837008628954936,1043.0,2426.1716203259825,9025.327900287632,other,other_V10B01-087_C1
6835,19.815625,0.0,64.76953125,8.23203125,1280.0,2544.78671875,11194.10625,oligo,oligo_V10B01-087_C1
6959,37.01179554390564,0.0,0.4613368283093054,3.1559633027522938,763.0,2573.183486238532,13742.602883355175,astro,astro_V10B01-087_C1
7687,14.782888684452622,64.59245630174793,0.2134314627414903,3.137994480220791,1087.0,2745.6614535418585,7475.310947562098,neuron,neuron_V10B01-087_C1
7813,40.948008849557525,0.0,0.0,1.549778761061947,904.0,2779.647123893805,13705.535398230088,astro,astro_V10B01-087_C1
7979,21.896306818181817,0.0,2.210227272727273,49.23721590909091,704.0,2814.125,12347.855113636364,micro,micro_V10B01-087_C1
8130,20.06322444678609,0.5447839831401475,0.0,53.45100105374078,949.0,2853.650158061117,8826.756585879873,micro,micro_V10B01-087_C1
8146,24.53153153153153,5.902902902902903,0.064064064064064,1.127127127127127,999.0,2857.023023023023,12945.106106106106,other,other_V10B01-087_C1
8369,46.921,0.0,0.019,2.353,1000.0,2915.898,13171.959,astro,astro_V10B01-087_C1
8427,15.90585009140768,0.0648994515539305,0.0,43.609689213893965,1094.0,2932.616087751371,10086.844606946985,micro,micro_V10B01-087_C1
8596,4.492904446546831,92.96215704824976,0.0066225165562913,23.455061494796595,1057.0,2974.9668874172185,6227.371807000946,neuron,neuron_V10B01-087_C1
8949,21.74062739097169,0.0022953328232593,36.92884468247896,5.655700076511094,1307.0,3074.123947972456,13699.587605202754,oligo,oligo_V10B01-087_C1
8982,5.11587147030185,0.9873417721518988,0.0,5.685491723466407,1027.0,3083.86270691334,6670.319376825706,other,other_V10B01-087_C1
9270,8.273907910271546,0.0295159386068477,2.1936245572609208,40.50649350649351,847.0,3165.164108618654,6780.775678866588,micro,micro_V10B01-087_C1
9497,16.118018967334034,0.0864067439409905,0.0337197049525816,1.5648050579557429,949.0,3223.1338250790304,14108.981032665964,other,other_V10B01-087_C1
9789,18.586241276171485,0.0,36.16450648055832,21.606181455633106,1003.0,3304.59222333001,10730.277168494516,oligo,oligo_V10B01-087_C1
9832,0.0455037919826652,0.3401950162513543,0.0,5.342361863488624,923.0,3315.6013001083425,4983.96858071506,other,other_V10B01-087_C1
9917,8.644889357218124,0.0,0.1201264488935721,5.303477344573235,949.0,3334.2602739726026,14596.384615384615,other,other_V10B01-087_C1
10326,27.613532110091743,0.0,0.0,1.775229357798165,872.0,3441.4094036697247,9645.479357798164,other,other_V10B01-087_C1
10505,26.188139059304703,33.80163599182004,0.1717791411042944,1.4621676891615545,978.0,3495.646216768916,10783.829243353784,neuron,neuron_V10B01-087_C1
10530,9.63311451495259,53.62946754194019,0.0,1.4675419401896426,1371.0,3499.90882567469,5687.191830780453,neuron,neuron_V10B01-087_C1
10590,21.16454229432213,0.0660486674391657,2.203939745075319,1.4032444959443802,863.0,3512.784472769409,12136.71958285052,other,other_V10B01-087_C1
10938,40.57392026578073,0.0,0.0,4.379568106312292,1204.0,3603.084717607973,7195.142857142857,astro,astro_V10B01-087_C1
11015,27.665144596651444,0.0060882800608828,1.0745814307458144,55.41400304414003,657.0,3623.68493150685,7657.038051750381,micro,micro_V10B01-087_C1
11032,4.500697350069735,0.0,0.6764295676429568,33.785216178521615,717.0,3622.253835425384,6048.65969316597,micro,micro_V10B01-087_C1
11123,2.039016115351993,0.0178117048346055,0.0,4.456318914334181,1179.0,3657.157760814249,5443.919423240034,other,other_V10B01-087_C1
11225,28.32040229885057,0.0,63.32183908045977,14.291666666666666,1392.0,3680.163074712644,11676.18462643678,oligo,oligo_V10B01-087_C1
11257,0.2225454545454545,0.7701818181818182,53.39127272727273,1.2952727272727274,1375.0,3686.123636363636,4859.493090909091,oligo,oligo_V10B01-087_C1
11324,26.970149253731343,0.0,37.62227324913892,3.1469575200918483,871.0,3708.0597014925374,10603.878300803672,oligo,oligo_V10B01-087_C1
11478,21.44065934065934,0.0,0.0,36.246153846153845,910.0,3747.138461538461,9142.494505494506,micro,micro_V10B01-087_C1
11490,29.299691040164777,0.0,0.0,34.625128733264674,971.0,3750.773429454171,8611.768280123584,micro,micro_V10B01-087_C1
11507,21.429752066115704,0.0,0.9359504132231404,45.94421487603306,968.0,3754.53305785124,10912.335743801654,micro,micro_V10B01-087_C1
11925,16.410457516339868,0.0,0.0,0.1071895424836601,765.0,3864.216993464053,7097.252287581699,other,other_V10B01-087_C1
12044,50.351851851851855,0.0,0.0972222222222222,2.8626543209876543,648.0,3894.814814814815,13288.029320987656,astro,astro_V10B01-087_C1
12224,23.777486910994764,0.0523560209424083,0.0,0.2683246073298429,764.0,3941.416230366492,8581.524869109948,other,other_V10B01-087_C1
12312,10.217871485943776,59.23795180722892,0.358433734939759,1.991967871485944,996.0,3968.215863453816,14135.070281124496,neuron,neuron_V10B01-087_C1
13159,24.58812785388128,0.0228310502283105,0.0310502283105022,7.437442922374429,1095.0,4198.582648401826,11084.78812785388,other,other_V10B01-087_C1
13287,31.943080357142858,0.0,12.9921875,49.395089285714285,896.0,4234.234375,10310.94419642857,micro,micro_V10B01-087_C1
13545,33.7948717948718,0.2739541160593792,57.45344129554656,11.465587044534413,741.0,4298.950067476383,7266.631578947368,oligo,oligo_V10B01-087_C1
13567,45.23852040816327,0.0,0.0,4.25765306122449,784.0,4309.477040816327,8769.886479591836,astro,astro_V10B01-087_C1
14260,22.21545893719807,31.01352657004831,0.0048309178743961,0.2193236714975845,1035.0,4504.7227053140095,9097.141062801931,neuron,neuron_V10B01-087_C1
14532,22.411167512690355,0.0,0.0,10.122842639593909,985.0,4582.521827411168,10130.09847715736,other,other_V10B01-087_C1
14628,34.45873153779322,0.0,0.0,4.039096437880104,1151.0,4612.05125977411,8305.450043440487,astro,astro_V10B01-087_C1
14820,42.23642732049037,0.0,0.0113835376532399,2.7425569176882663,1142.0,4669.389667250438,13370.85989492119,astro,astro_V10B01-087_C1
14860,10.513292433537831,0.0,0.8374233128834356,1.2065439672801637,978.0,4684.496932515337,11928.360940695296,other,other_V10B01-087_C1
15290,4.952615992102666,51.13129318854887,4.189536031589339,0.3247778874629812,1013.0,4805.284304047384,12503.424481737413,neuron,neuron_V10B01-087_C1
15307,4.576530612244898,0.0,0.0,27.46938775510204,980.0,4805.25612244898,4959.066326530612,micro,micro_V10B01-087_C1
15325,30.37322640345466,0.0,56.90314620604565,4.819864281307835,1621.0,4813.484885872918,9956.908081431216,oligo,oligo_V10B01-087_C1
15461,52.33198380566802,0.0,0.0,6.919028340080971,741.0,4848.133603238866,7006.035087719299,astro,astro_V10B01-087_C1
15541,0.0996240601503759,53.078947368421055,0.0263157894736842,3.7885338345864654,1064.0,4873.658834586467,4334.714285714285,neuron,neuron_V10B01-087_C1
15822,48.71013039117352,0.0,0.0,0.0170511534603811,997.0,4952.489468405216,7321.277833500501,astro,astro_V10B01-087_C1
15877,11.354130052724075,70.98945518453426,0.0219683655536028,2.367311072056239,1138.0,4965.844463971881,5323.9077328646745,neuron,neuron_V10B01-087_C1
17215,56.9953216374269,0.0,0.0,7.549707602339181,855.0,5358.391812865497,10044.838596491229,astro,astro_V10B01-087_C1
17491,6.591277890466532,6.606490872210953,0.3012170385395537,33.66734279918864,986.0,5445.584178498986,14327.996957403651,micro,micro_V10B01-087_C1
18492,29.88510101010101,0.0,41.755050505050505,1.7638888888888888,792.0,5744.431818181818,8675.20202020202,oligo,oligo_V10B01-087_C1
18637,5.124434389140271,70.26470588235294,0.0256410256410256,3.197586726998492,1326.0,5795.842383107089,11239.95399698341,neuron,neuron_V10B01-087_C1
18694,5.249745158002039,70.76860346585117,0.2171253822629969,0.5229357798165137,981.0,5815.3598369011215,11980.439347604486,neuron,neuron_V10B01-087_C1
19010,28.279519679786524,0.9459639759839892,12.429619746497664,0.5763842561707805,1499.0,5919.737158105404,6540.973315543696,oligo,oligo_V10B01-087_C1
19056,48.38565400843882,0.0,0.0,4.278481012658228,1185.0,5929.5518987341775,8098.257383966245,astro,astro_V10B01-087_C1
19540,8.092272202998847,0.0,0.0115340253748558,1.6320645905420992,867.0,6097.6274509803925,10702.200692041522,other,other_V10B01-087_C1
19569,4.73620559334845,63.26832955404384,0.3174603174603174,0.5064247921390779,1323.0,6111.51776266062,4403.860922146637,neuron,neuron_V10B01-087_C1
19577,23.141484716157205,30.06288209606987,0.0436681222707423,1.1502183406113538,1145.0,6114.10480349345,8196.928384279476,neuron,neuron_V10B01-087_C1
19796,32.91596638655462,0.0327731092436974,0.0,38.57142857142857,1190.0,6187.003361344538,7261.242016806723,micro,micro_V10B01-087_C1
20623,48.49953139643861,0.0,0.0,2.8322399250234302,1067.0,6450.996251171509,7267.112464854733,astro,astro_V10B01-087_C1
20724,21.55870108243131,0.6319733555370525,0.0,30.52039966694421,1201.0,6484.776019983347,5465.573688592839,micro,micro_V10B01-087_C1
20749,46.85004775549188,0.0171919770773638,0.0,0.9570200573065902,1047.0,6488.863419293219,7604.748806112703,astro,astro_V10B01-087_C1
21307,7.98744769874477,0.0,0.100418410041841,36.17991631799163,717.0,6657.147838214783,13338.557880055789,micro,micro_V10B01-087_C1
21500,58.37865911237016,0.0,0.0,3.9924457034938623,1059.0,6728.077431539188,6655.934844192635,astro,astro_V10B01-087_C1
21718,23.798561151079134,0.0,0.0,40.31534772182254,834.0,6789.035971223022,8737.546762589927,micro,micro_V10B01-087_C1
21730,26.380733944954127,0.0045871559633027,39.230886850152906,0.5152905198776758,654.0,6790.230886850153,7402.908256880734,oligo,oligo_V10B01-087_C1
21806,25.10838445807771,28.8159509202454,0.0337423312883435,1.6554192229038855,978.0,6824.605316973415,6508.750511247444,neuron,neuron_V10B01-087_C1
22294,6.952229299363057,0.5997876857749469,0.321656050955414,0.5509554140127388,942.0,6977.412951167728,11930.417197452229,other,other_V10B01-087_C1
22356,38.9437148217636,0.0253283302063789,0.9934333958724204,28.31238273921201,1066.0,6999.903377110694,7983.87617260788,micro,micro_V10B01-087_C1
23029,16.99420049710025,20.713338856669427,0.0016570008285004,4.383595691797846,1207.0,7209.376967688484,6404.70753935377,neuron,neuron_V10B01-087_C1
23203,16.77625570776256,0.0,0.010958904109589,37.664840182648405,1095.0,7262.591780821917,10720.671232876712,micro,micro_V10B01-087_C1
23877,7.434173669467787,0.0,0.1279178338001867,26.70214752567694,1071.0,7487.159663865546,11100.661998132586,micro,micro_V10B01-087_C1
24041,52.10042735042735,0.0,1.2585470085470083,13.191239316239315,936.0,7535.611111111111,15279.09935897436,astro,astro_V10B01-087_C1
24126,17.327154772937906,0.0,1.0370713623725671,41.0982391102873,1079.0,7557.890639481001,14508.382761816496,micro,micro_V10B01-087_C1
24224,20.54971857410882,0.0,35.63789868667917,2.3621013133208257,533.0,7590.030018761726,5380.795497185741,oligo,oligo_V10B01-087_C1
24498,17.703777335984096,0.0377733598409542,76.88270377733599,7.359840954274354,503.0,7671.950298210736,12887.37574552684,oligo,oligo_V10B01-087_C1
24721,53.15246098439376,0.0,0.0,1.4657863145258103,833.0,7746.578631452581,6859.450180072029,astro,astro_V10B01-087_C1
24752,56.995609220636666,0.0,0.3655323819978046,6.3479692645444565,911.0,7756.636663007684,6890.965971459934,astro,astro_V10B01-087_C1
24834,43.88242730720607,0.0,1.806573957016435,9.130214917825535,791.0,7785.864728192162,13824.212389380533,astro,astro_V10B01-087_C1
24849,3.5005313496280555,50.560042507970245,5.124335812964931,1.1179596174282678,941.0,7794.299681190223,9231.6174282678,neuron,neuron_V10B01-087_C1
25210,5.292803970223325,0.0,42.616625310173696,2.325062034739454,806.0,7912.841191066997,9717.249379652603,oligo,oligo_V10B01-087_C1
25296,3.760189573459716,0.0,0.0,0.4170616113744075,1055.0,7943.335545023697,10499.874881516587,other,other_V10B01-087_C1
25503,8.135533707865168,5.96067415730337,27.047050561797757,13.667837078651685,1424.0,8016.4592696629215,8094.13202247191,oligo,oligo_V10B01-087_C1
25705,3.69757174392936,0.0,0.0,0.336644591611479,906.0,8069.056291390729,9222.99779249448,other,other_V10B01-087_C1
26445,1.6160990712074303,35.89576883384933,0.0257997936016511,0.066047471620227,969.0,8304.443756449948,9964.115583075336,neuron,neuron_V10B01-087_C1
26796,18.414452709883104,0.0127523910733262,1.1370882040382573,28.25504782146653,941.0,8428.117959617428,12233.678002125398,micro,micro_V10B01-087_C1
26953,50.08309990662932,0.0,0.0,4.455648926237162,1071.0,8490.986928104576,6332.629318394024,astro,astro_V10B01-087_C1
27429,27.66110689916604,27.016679302501892,0.9681576952236542,2.858984078847612,1319.0,8656.296436694465,14431.78392721759,neuron,neuron_V10B01-087_C1
27453,47.96754807692308,0.0,0.157451923076923,2.1225961538461537,832.0,8658.71875,13404.52283653846,astro,astro_V10B01-087_C1
27880,5.9937106918239,0.0,0.7872117400419287,23.53249475890985,954.0,8812.701257861636,6612.1278825995805,micro,micro_V10B01-087_C1
27992,22.883204633204635,0.0,0.166023166023166,7.525096525096525,1036.0,8854.74806949807,14133.0916988417,other,other_V10B01-087_C1
28114,2.367361610352265,24.05823148813803,0.0999281092739036,0.2214234363767074,1391.0,8905.72393961179,8969.345794392524,neuron,neuron_V10B01-087_C1
28396,18.75,20.227459016393443,2.3913934426229506,4.959016393442623,976.0,9012.981557377048,13536.58606557377,neuron,neuron_V10B01-087_C1
28621,22.75712881022616,0.0,0.0825958702064896,2.3117010816125863,1017.0,9106.384464110128,12757.279252704033,other,other_V10B01-087_C1
28694,8.93859649122807,0.0,67.75689223057644,0.5714285714285714,798.0,9139.57268170426,8172.484962406015,oligo,oligo_V10B01-087_C1
28738,49.87733071638861,0.0,0.3552502453385672,0.9411187438665358,1019.0,9156.828263002944,13788.18547595682,astro,astro_V10B01-087_C1
28943,9.503177966101696,0.0,6.841101694915254,23.281779661016948,944.0,9241.395127118643,10723.71716101695,micro,micro_V10B01-087_C1
28971,68.18148820326678,0.0,0.0,7.17967332123412,551.0,9253.448275862069,7429.094373865699,astro,astro_V10B01-087_C1
29304,5.003364737550471,52.12113055181696,1.635935397039031,1.834454912516824,1486.0,9395.483176312247,7013.611709286675,neuron,neuron_V10B01-087_C1
30082,3.019230769230769,0.0,54.42147435897436,2.498397435897436,624.0,9714.33814102564,8402.600961538461,oligo,oligo_V10B01-087_C1
30302,1.6646447140381282,39.79029462738301,0.0,0.0129982668977469,1154.0,9814.31109185442,8139.561525129982,neuron,neuron_V10B01-087_C1
30611,1.1493738819320214,9.423076923076923,0.0,16.739713774597494,1118.0,9948.503577817532,6363.872987477639,micro,micro_V10B01-087_C1
30936,2.973087818696884,0.0,33.60198300283286,7.808781869688385,706.0,10059.542492917846,5932.871104815864,oligo,oligo_V10B01-087_C1
31570,0.8187066974595842,4.415704387990762,0.0,0.1501154734411085,866.0,10273.175519630486,7501.124711316397,other,other_V10B01-087_C1
31624,12.933751119068935,49.908683974932856,0.5487914055505819,0.2175470008952551,1117.0,10292.8030438675,8388.471799462846,neuron,neuron_V10B01-087_C1
32074,5.295238095238095,1.7678571428571428,0.0107142857142857,17.108333333333334,840.0,10463.423809523809,9421.714285714286,micro,micro_V10B01-087_C1
32111,1.8113744075829383,0.1744075829383886,0.8815165876777251,1.037914691943128,1055.0,10476.26066350711,5402.719431279621,other,other_V10B01-087_C1
32212,26.26782608695652,16.488695652173913,2.9243478260869566,0.6139130434782609,1150.0,10519.879130434783,12344.275652173914,neuron,neuron_V10B01-087_C1
32769,20.46938775510204,2.089053803339518,49.391465677179966,0.196660482374768,539.0,10776.081632653062,10418.317254174395,oligo,oligo_V10B01-087_C1
33293,25.70324846356453,0.0,54.16242317822651,0.0263388937664618,1139.0,11007.988586479369,13913.893766461808,oligo,oligo_V10B01-087_C1
33524,0.1501057082452431,53.33192389006342,0.0,0.547568710359408,946.0,11100.062367864692,6154.49577167019,neuron,neuron_V10B01-087_C1
33727,0.2040998217468805,52.27540106951872,0.0,0.0053475935828877,1122.0,11187.307486631016,6857.561497326204,neuron,neuron_V10B01-087_C1
33821,19.773499433748583,0.0453001132502831,51.397508493771234,12.889014722536809,883.0,11216.091732729332,14891.0,oligo,oligo_V10B01-087_C1
34172,99.58574610244987,0.0122494432071269,0.0,0.3574610244988864,898.0,11327.475501113586,4913.589086859688,astro,astro_V10B01-087_C1
34674,0.7583025830258303,0.0940959409594096,0.0,16.690959409594097,1084.0,11513.151291512915,6509.324723247232,micro,micro_V10B01-087_C1
34706,12.473849372384937,0.002092050209205,0.4205020920502092,29.00418410041841,956.0,11522.402719665271,15118.78870292887,micro,micro_V10B01-087_C1
35523,29.16405433646813,0.0,0.0,0.160919540229885,957.0,11841.746081504702,9679.347962382446,astro,astro_V10B01-087_C1
35577,33.85475956820412,0.0,0.1393523061825319,1.8518155053974483,1019.0,11862.53974484789,12986.188420019627,astro,astro_V10B01-087_C1
36390,8.201212121212121,0.0,31.395151515151515,5.550303030303031,825.0,12141.90303030303,6366.301818181818,oligo,oligo_V10B01-087_C1
36638,15.67537313432836,0.0,0.0111940298507462,0.0130597014925373,1072.0,12234.94776119403,11043.118470149251,other,other_V10B01-087_C1
36697,40.17165354330709,0.0,0.0,0.2110236220472441,635.0,12256.069291338585,9342.949606299211,astro,astro_V10B01-087_C1
37100,17.78933333333333,17.48177777777778,0.6248888888888889,0.136,1125.0,12398.83911111111,8930.732444444444,neuron,neuron_V10B01-087_C1
37392,18.036345776031435,0.0,0.0,0.0550098231827112,1018.0,12511.584479371317,10395.871316306484,other,other_V10B01-087_C1
37936,4.5029296875,1.794921875,0.0234375,0.291015625,1024.0,12712.0888671875,14785.3974609375,other,other_V10B01-087_C1
38432,25.64696223316913,15.991789819376026,0.0,0.7783251231527094,609.0,12882.7947454844,6550.384236453202,astro,astro_V10B01-087_C1
39085,10.483,0.277,0.176,0.505,1000.0,13136.886,10170.199,other,other_V10B01-087_C1
39548,7.357245337159254,0.0,53.02152080344333,8.196556671449068,697.0,13303.279770444764,13221.398852223816,oligo,oligo_V10B01-087_C1
39751,4.812995245641838,0.0681458003169572,0.6465927099841522,3.976228209191759,631.0,13388.84944532488,12629.572107765453,other,other_V10B01-087_C1
40238,6.530147895335609,0.0,1.2081911262798637,1.4914675767918089,879.0,13569.751990898749,13268.907849829351,other,other_V10B01-087_C1
40274,5.691666666666666,0.0,0.0777777777777777,2.2444444444444445,720.0,13582.383333333331,11434.506944444443,other,other_V10B01-087_C1
40761,6.708542713567839,0.0,132.3819095477387,18.13065326633166,199.0,13745.0,16304.5175879397,oligo,oligo_V10B01-087_C1
40948,5.816542948038176,0.112407211028632,55.90455991516437,5.2598091198303285,943.0,13818.326617179217,14840.413573700956,oligo,oligo_V10B01-087_C1
41018,4.044164037854889,0.1125131440588853,0.3638275499474238,0.2891692954784437,951.0,13838.967402733964,12315.501577287068,other,other_V10B01-087_C1
41283,8.740466101694915,0.0,0.6832627118644068,14.023305084745765,944.0,13920.530720338984,13395.876059322034,micro,micro_V10B01-087_C1
42424,4.801342281879195,0.0187919463087248,0.0926174496644295,17.104697986577182,745.0,14322.645637583892,11141.857718120806,micro,micro_V10B01-087_C1
42698,4.295424836601307,0.0215686274509803,5.1379084967320265,18.225490196078432,1530.0,14417.149019607845,13713.203267973857,micro,micro_V10B01-087_C1
42747,4.788235294117647,1.464705882352941,57.04117647058823,0.9073529411764706,680.0,14430.514705882351,13634.30588235294,oligo,oligo_V10B01-087_C1
2125,10.688202247191011,67.22097378277154,0.0,2.2705992509363297,1068.0,745.9850187265918,13087.615168539323,neuron,neuron_V10B01-087_D1
3064,38.63903462749213,0.0,0.0,1.883525708289612,953.0,1036.7964323189926,15000.62854144806,astro,astro_V10B01-087_D1
3868,9.619409282700422,83.41097046413502,0.0194092827004219,1.5021097046413503,1185.0,1277.4970464135022,15372.64135021097,neuron,neuron_V10B01-087_D1
3893,1.2782152230971129,1.748031496062992,32.76727909011374,0.0104986876640419,1143.0,1282.0778652668416,5838.774278215223,oligo,oligo_V10B01-087_D1
4052,35.81173131504257,0.0094607379375591,0.0690633869441816,0.4257332071901608,1057.0,1324.050141911069,15939.300851466414,astro,astro_V10B01-087_D1
4695,38.00415800415801,0.0,6.486486486486487,0.0083160083160083,962.0,1502.8014553014552,10993.83575883576,astro,astro_V10B01-087_D1
5245,17.103711790393014,0.8449781659388647,0.0,0.0403930131004366,916.0,1646.9868995633187,14122.48362445415,other,other_V10B01-087_D1
5876,52.84262701363073,0.0,0.0,0.9504337050805453,807.0,1795.7397769516729,13606.561338289965,astro,astro_V10B01-087_D1
6012,37.524089306698,0.0,0.0,0.2831962397179788,851.0,1827.497062279671,8246.51116333725,astro,astro_V10B01-087_D1
6145,44.35143139190523,0.0,0.0,0.2852912142152023,1013.0,1860.180651530109,13084.119447186577,astro,astro_V10B01-087_D1
6316,4.061557788944723,0.1319095477386934,0.0125628140703517,0.0,796.0,1906.9095477386932,10159.668341708542,other,other_V10B01-087_D1
7037,0.6151046405823476,86.975432211101,0.0,0.008189262966333,1099.0,2070.323930846224,8103.997270245678,neuron,neuron_V10B01-087_D1
7164,54.21428571428572,0.0,0.0,0.1091836734693877,980.0,2098.954081632653,6235.2265306122445,astro,astro_V10B01-087_D1
7423,2.9908256880733943,38.085435779816514,0.0,1.5131880733944951,1744.0,2152.3887614678897,11709.876720183487,neuron,neuron_V10B01-087_D1
7594,55.34367245657568,0.0,0.0,0.0856079404466501,806.0,2185.985111662531,11011.17617866005,astro,astro_V10B01-087_D1
7614,8.929319371727749,39.76352530541012,0.0017452006980802,0.543630017452007,1146.0,2194.5523560209426,15241.08202443281,neuron,neuron_V10B01-087_D1
7671,5.187374749498998,0.0,0.0,0.8637274549098196,998.0,2203.9759519038075,11605.45991983968,other,other_V10B01-087_D1
7732,0.5440074906367042,1.5814606741573034,4.783707865168539,0.197565543071161,1068.0,2221.2088014981277,9346.461610486893,other,other_V10B01-087_D1
8932,0.4045226130653266,89.89949748743719,0.0,0.1164154103852596,1194.0,2483.3132328308207,7663.07202680067,neuron,neuron_V10B01-087_D1
9070,3.607398568019093,0.0,0.0214797136038186,0.7434367541766109,838.0,2511.8365155131264,10578.825775656323,other,other_V10B01-087_D1
9189,1.9861239592969475,0.0,50.06938020351527,0.2590194264569843,1081.0,2540.36540240518,5394.86493987049,oligo,oligo_V10B01-087_D1
9522,3.057971014492753,1.0144927536231885,45.630434782608695,0.4148550724637681,552.0,2600.503623188406,10477.329710144928,oligo,oligo_V10B01-087_D1
9965,8.622899159663865,0.0,0.0063025210084033,1.4191176470588236,952.0,2704.1039915966385,13443.942226890757,other,other_V10B01-087_D1
10951,2.284164859002169,0.0,0.0,0.0390455531453362,922.0,2917.9674620390456,7005.332971800434,other,other_V10B01-087_D1
10978,0.4260429835651074,2.6384323640960807,0.0,0.7092288242730721,791.0,2917.395701643489,7831.069532237674,other,other_V10B01-087_D1
11252,0.1245758603974794,56.529810954920016,0.0,0.018904507998061,2063.0,2994.5506543868155,6454.181289384392,neuron,neuron_V10B01-087_D1
11887,0.712241653418124,52.2972972972973,0.2225755166931637,0.0,1258.0,3136.841812400636,14063.372019077902,neuron,neuron_V10B01-087_D1
11913,1.5442655935613685,57.58651911468813,0.0,0.0663983903420523,994.0,3140.095573440644,12167.688128772636,neuron,neuron_V10B01-087_D1
11978,0.925026399155227,0.0,0.0,3.582893347412883,947.0,3154.053854276663,6037.560718057022,other,other_V10B01-087_D1
12119,20.083048919226396,0.0,0.0,6.276450511945392,879.0,3189.295790671217,9090.614334470987,micro,micro_V10B01-087_D1
12748,2.13905325443787,0.0,0.0670611439842209,0.1637080867850098,1014.0,3343.9102564102564,14754.70315581854,other,other_V10B01-087_D1
12897,3.365079365079365,0.0,0.0,10.320861678004537,882.0,3379.656462585034,12031.888888888889,micro,micro_V10B01-087_D1
13397,1.0881849315068493,2.6327054794520546,31.36986301369863,0.3450342465753425,1168.0,3505.664383561644,12833.602739726028,oligo,oligo_V10B01-087_D1
13419,1.813509544787078,0.0,0.0,0.039647577092511,681.0,3505.474302496329,6047.838472834068,other,other_V10B01-087_D1
13759,3.3654033041788143,0.0,0.0330417881438289,0.5510204081632653,1029.0,3590.936831875608,16143.05247813411,other,other_V10B01-087_D1
13809,0.3780798640611725,49.85301614273577,0.0,0.0050977060322854,1177.0,3605.422259983008,4979.314358538658,neuron,neuron_V10B01-087_D1
13820,0.8904761904761904,0.0,47.894444444444446,0.0634920634920634,1260.0,3606.9,5556.846031746032,oligo,oligo_V10B01-087_D1
14229,0.2652043868394815,63.706879361914254,0.0,0.0019940179461615,1003.0,3706.219341974078,8754.363908275174,neuron,neuron_V10B01-087_D1
14614,3.498098859315589,0.1330798479087452,0.0,6.35361216730038,789.0,3805.621039290241,11398.506970849176,micro,micro_V10B01-087_D1
14615,3.3795871559633026,0.0,0.128440366972477,5.631880733944954,872.0,3803.714449541285,15499.732798165138,micro,micro_V10B01-087_D1
14631,0.5018867924528302,0.0,27.29811320754717,0.0,795.0,3807.1232704402514,6998.681761006289,oligo,oligo_V10B01-087_D1
15535,7.449438202247191,0.0,61.15088282504013,5.642054574638844,623.0,4030.807383627609,14203.784911717496,oligo,oligo_V10B01-087_D1
15695,3.802968960863698,0.0,23.54116059379217,0.3346828609986504,741.0,4079.280701754386,9814.55870445344,oligo,oligo_V10B01-087_D1
16682,2.775716694772344,0.0,43.7133220910624,0.7537942664418212,593.0,4330.5413153457,7640.893760539629,oligo,oligo_V10B01-087_D1
17087,3.162878787878788,3.333333333333333,53.86174242424242,0.0625,528.0,4420.791666666667,12824.717803030304,oligo,oligo_V10B01-087_D1
17486,6.167016806722689,0.0,37.78466386554622,0.167016806722689,952.0,4532.665966386555,15153.082983193275,oligo,oligo_V10B01-087_D1
17771,6.695247933884297,0.0,0.0082644628099173,0.3078512396694214,968.0,4603.229338842975,15682.506198347108,other,other_V10B01-087_D1
18244,0.7105882352941176,0.0,0.0,0.0,850.0,4724.318823529412,5757.596470588235,other,other_V10B01-087_D1
18572,0.2668187001140251,63.60319270239453,0.0,0.1037628278221208,877.0,4810.027366020525,5268.63283922463,neuron,neuron_V10B01-087_D1
18901,11.267270668176671,0.0,0.0,5.64326160815402,883.0,4887.593431483579,7880.420158550396,micro,micro_V10B01-087_D1
19888,5.737597911227154,14.379895561357705,48.86161879895561,0.0633159268929503,1532.0,5133.784595300261,10452.701044386424,oligo,oligo_V10B01-087_D1
20646,4.555947136563876,0.0,0.0,7.87136563876652,1135.0,5320.9823788546255,6618.710132158591,micro,micro_V10B01-087_D1
20654,7.73758865248227,0.0,47.39432624113475,0.2893617021276595,705.0,5319.618439716312,11671.398581560285,oligo,oligo_V10B01-087_D1
20758,0.2825896762904636,64.19860017497813,0.0,0.0,1143.0,5348.122484689414,5858.535433070866,neuron,neuron_V10B01-087_D1
21472,6.233695652173913,2.0910326086956523,36.40896739130435,0.0584239130434782,736.0,5538.051630434783,7798.009510869565,oligo,oligo_V10B01-087_D1
21664,17.38267543859649,0.6864035087719298,41.92763157894737,0.4594298245614035,912.0,5593.6984649122805,13051.391447368422,oligo,oligo_V10B01-087_D1
21937,1.5964653902798234,0.0,0.0,0.0,679.0,5667.577319587629,8794.81590574374,other,other_V10B01-087_D1
22202,54.49411764705882,0.0,5.534117647058824,0.0447058823529411,850.0,5745.768235294117,6467.3341176470585,astro,astro_V10B01-087_D1
22595,14.93227091633466,0.0,0.0677290836653386,1.1284860557768923,1004.0,5835.724103585658,12273.738047808763,other,other_V10B01-087_D1
22680,12.23772791023843,33.28330995792427,0.0,0.2103786816269284,1426.0,5865.542075736325,9345.122019635344,neuron,neuron_V10B01-087_D1
23425,69.52447552447552,0.0,0.0,1.356643356643357,286.0,6059.234265734266,15304.503496503496,astro,astro_V10B01-087_D1
23430,10.702941176470588,0.7401960784313726,0.0,5.78921568627451,1020.0,6068.928431372549,10196.413725490196,micro,micro_V10B01-087_D1
24296,24.7144420131291,9.455142231947484,0.0054704595185995,53.4890590809628,914.0,6311.2439824945295,13195.088621444202,micro,micro_V10B01-087_D1
24363,36.66339410939691,0.0,0.2131837307152875,0.6984572230014026,713.0,6325.04347826087,14201.594670406732,astro,astro_V10B01-087_D1
24402,49.813204508856685,0.0,0.0595813204508856,0.4251207729468599,621.0,6336.099838969404,14968.993558776168,astro,astro_V10B01-087_D1
24495,19.238421955403087,0.0548885077186964,0.0,0.79073756432247,1166.0,6367.132075471698,11239.343910806176,other,other_V10B01-087_D1
25521,48.25058823529412,0.0,0.0,1.4211764705882353,850.0,6637.468235294117,13696.496470588236,astro,astro_V10B01-087_D1
25562,64.0903294367694,0.0,0.0,0.028692879914984,941.0,6648.689691817216,10378.90754516472,astro,astro_V10B01-087_D1
26016,16.533846153846152,41.465384615384615,0.0,1.5761538461538462,1300.0,6785.905384615385,11927.845384615384,neuron,neuron_V10B01-087_D1
26110,12.15625,4.839488636363637,0.0,0.125,704.0,6806.119318181818,10095.07528409091,other,other_V10B01-087_D1
26202,19.267289719626167,0.0,0.0009345794392523,7.257009345794392,1070.0,6830.22523364486,10236.957943925234,micro,micro_V10B01-087_D1
26218,15.23301737756714,2.845971563981043,23.53080568720379,0.0,1266.0,6836.696682464455,7770.1484992101105,oligo,oligo_V10B01-087_D1
26441,17.31376734258271,0.032017075773746,0.0,0.2006403415154749,937.0,6894.76840981857,8060.823906083245,other,other_V10B01-087_D1
26494,31.47515151515152,0.029090909090909,0.0,8.797575757575757,825.0,6902.823030303031,13809.58303030303,micro,micro_V10B01-087_D1
26980,21.676108374384235,2.2672413793103448,0.0,9.571428571428571,812.0,7022.454433497537,11996.91133004926,micro,micro_V10B01-087_D1
27500,30.703275529865124,0.3872832369942196,0.0105973025048169,15.311175337186896,1038.0,7158.827552986512,11391.204238921002,micro,micro_V10B01-087_D1
27601,19.230683090705487,0.0,0.0,0.2340425531914893,893.0,7185.433370660694,9383.147816349385,other,other_V10B01-087_D1
27892,17.49570200573066,0.0,0.0,22.4756446991404,698.0,7258.512893982808,4953.998567335244,micro,micro_V10B01-087_D1
28804,28.304395604395605,0.0,33.77032967032967,0.0164835164835164,910.0,7533.496703296703,7051.9384615384615,oligo,oligo_V10B01-087_D1
28854,23.33264462809917,0.0,0.0,11.886363636363637,968.0,7550.355371900827,5394.802685950413,micro,micro_V10B01-087_D1
28942,41.17538759689923,0.0,0.0,0.0358527131782945,1032.0,7586.391472868217,10011.531976744183,astro,astro_V10B01-087_D1
28994,49.10361067503925,0.0,0.0,0.2291993720565149,637.0,7599.529042386185,11389.488226059657,astro,astro_V10B01-087_D1
29082,48.37617554858935,0.0,0.0,0.3730407523510972,957.0,7631.600835945664,10369.421107628004,astro,astro_V10B01-087_D1
29137,49.09815242494226,0.0,0.0,0.2459584295612009,866.0,7653.280600461894,11028.827944572748,astro,astro_V10B01-087_D1
29688,36.397216274089935,0.0,0.0,6.417558886509636,934.0,7898.698072805139,8650.700214132763,micro,micro_V10B01-087_D1
31929,36.34841193455245,0.0,37.77093358999038,0.0,1039.0,8688.407122232917,11395.075072184793,oligo,oligo_V10B01-087_D1
32294,41.62516212710765,0.0415045395590142,0.5745784695201037,0.324254215304799,771.0,8917.543450064852,5872.983138780804,astro,astro_V10B01-087_D1
32425,41.59912854030501,0.0,0.0,0.3093681917211329,918.0,8998.598039215687,5075.909586056645,astro,astro_V10B01-087_D1
32594,32.10944527736132,0.0,0.0,0.1379310344827586,667.0,9094.926536731637,12748.89055472264,other,other_V10B01-087_D1
32653,55.64561403508772,0.0,0.0,0.0228070175438596,570.0,9120.659649122808,13512.028070175438,astro,astro_V10B01-087_D1
33198,41.06578947368421,0.0,0.0628654970760233,0.3771929824561403,684.0,9356.8932748538,6228.603801169591,astro,astro_V10B01-087_D1
33543,15.97866149369544,30.57710960232784,0.0,0.3918525703200776,1031.0,9461.66537342386,10158.823472356937,neuron,neuron_V10B01-087_D1
33578,15.088235294117649,0.0,0.0,8.247628083491461,1054.0,9467.512333965844,6427.214421252372,micro,micro_V10B01-087_D1
33726,22.13222222222222,0.0,0.0,0.7666666666666667,900.0,9508.206666666669,13549.717777777778,other,other_V10B01-087_D1
34645,18.103448275862068,0.0303030303030303,0.0,17.04597701149425,957.0,9771.075235109718,10350.0,micro,micro_V10B01-087_D1
35098,18.205619412515965,2.6436781609195403,0.0,15.070242656449553,783.0,9894.991060025544,6731.862068965517,micro,micro_V10B01-087_D1
35342,13.258378378378378,3.393513513513513,0.0,0.6983783783783784,925.0,9969.370810810811,10668.656216216215,other,other_V10B01-087_D1
35437,14.304726368159203,0.031094527363184,30.9863184079602,0.4490049751243781,804.0,9999.538557213931,6518.638059701492,oligo,oligo_V10B01-087_D1
35512,19.668430335097003,0.7980599647266314,23.387125220458557,0.582010582010582,1134.0,10023.647266313934,12894.273368606702,oligo,oligo_V10B01-087_D1
35663,14.178228388473851,56.79615795090715,0.0,0.3212379935965848,937.0,10071.735325506936,9254.659551760938,neuron,neuron_V10B01-087_D1
35668,15.955056179775282,2.239700374531836,0.0,8.837078651685394,1068.0,10073.87734082397,7191.740636704119,micro,micro_V10B01-087_D1
35686,29.434734513274336,1.258849557522124,0.0,0.2146017699115044,904.0,10077.028761061949,14951.681415929204,other,other_V10B01-087_D1
36119,19.85854189336235,0.1305767138193689,32.18063112078346,1.7693144722524483,919.0,10208.390642002176,13728.393906420022,oligo,oligo_V10B01-087_D1
36349,18.87389162561576,0.0,0.0049261083743842,8.999014778325122,1015.0,10278.57142857143,14107.72118226601,micro,micro_V10B01-087_D1
36904,45.12359550561798,0.0,0.0,0.1186017478152309,801.0,10450.538077403246,7729.25343320849,astro,astro_V10B01-087_D1
37132,15.233709817549956,1.3579496090356211,33.756733275412685,0.3440486533449174,1151.0,10526.549956559513,9675.517810599478,oligo,oligo_V10B01-087_D1
37422,10.648748841519923,0.0648748841519925,0.0,8.367933271547729,1079.0,10617.383688600556,12129.02873030584,micro,micro_V10B01-087_D1
37514,7.443415637860082,6.994855967078189,24.146090534979425,0.588477366255144,972.0,10639.609053497945,6748.284979423868,oligo,oligo_V10B01-087_D1
37741,2.5424311926605503,57.33830275229358,0.0,0.5137614678899083,872.0,10711.441513761469,5495.673165137615,neuron,neuron_V10B01-087_D1
38084,12.86802575107296,0.1909871244635193,0.01931330472103,2.3025751072961373,932.0,10831.05686695279,14438.778969957082,other,other_V10B01-087_D1
38177,2.70620239390642,54.9651795429815,0.0,1.473340587595212,919.0,10865.44613710555,3728.480957562568,neuron,neuron_V10B01-087_D1
38459,10.372427983539094,0.0,0.0010288065843621,11.998971193415638,972.0,10968.04732510288,13239.87242798354,micro,micro_V10B01-087_D1
38654,4.182380216383308,0.0,0.0,0.1051004636785162,647.0,11028.42658423493,7460.095826893354,other,other_V10B01-087_D1
38729,7.558314522197141,46.6117381489842,0.0,0.018811136192626,1329.0,11062.079006772008,10850.02934537246,neuron,neuron_V10B01-087_D1
38749,7.162049861495845,0.0623268698060941,0.0,0.2880886426592798,722.0,11066.090027700831,8593.490304709141,other,other_V10B01-087_D1
38785,8.877692307692307,51.19769230769231,0.0,0.0676923076923076,1300.0,11080.906923076924,7539.209230769231,neuron,neuron_V10B01-087_D1
39138,3.463470319634703,0.0319634703196347,0.0,8.034246575342467,876.0,11193.511415525114,6276.211187214612,micro,micro_V10B01-087_D1
39394,9.597322348094748,0.0113285272914521,0.0,8.440782698249228,971.0,11280.99176107106,10875.20597322348,micro,micro_V10B01-087_D1
39763,2.1869627507163325,40.20773638968481,0.0744985673352435,0.0601719197707736,1396.0,11407.308022922636,6482.741404011461,neuron,neuron_V10B01-087_D1
40222,8.537946428571429,0.2589285714285714,0.0,13.950892857142858,896.0,11555.640625,12572.175223214286,micro,micro_V10B01-087_D1
40390,3.830076465590485,0.0,0.0,5.615123194562447,1177.0,11608.12489379779,5703.27782497876,micro,micro_V10B01-087_D1
40608,11.172794117647058,0.0,0.0091911764705882,0.5579044117647058,1088.0,11676.741727941177,10909.191176470587,other,other_V10B01-087_D1
40702,7.831399317406143,66.18907849829351,0.0,0.2197952218430034,1465.0,11714.245733788395,11028.31467576792,neuron,neuron_V10B01-087_D1
40724,2.025641025641025,59.17881241565452,0.0,0.0,1482.0,11720.562753036438,8468.696356275304,neuron,neuron_V10B01-087_D1
40733,5.911209766925638,0.0,0.0,6.066592674805771,901.0,11716.128745837956,6890.377358490566,micro,micro_V10B01-087_D1
40892,5.515243902439025,0.0,0.0,0.1448170731707317,656.0,11764.5,7132.039634146341,other,other_V10B01-087_D1
41248,3.083412322274881,0.0,0.0,8.922274881516588,1055.0,11869.563981042656,8580.316587677726,micro,micro_V10B01-087_D1
41265,4.067044381491973,0.0,0.0,0.0424929178470254,1059.0,11876.639282341832,8778.81208687441,other,other_V10B01-087_D1
41519,0.8113382899628253,36.08736059479554,0.0,0.2444237918215613,1076.0,11951.451672862451,4767.132899628253,neuron,neuron_V10B01-087_D1
41614,10.621863799283156,1.4767025089605734,34.369175627240146,0.1254480286738351,558.0,11973.13082437276,9864.58422939068,oligo,oligo_V10B01-087_D1
41681,6.078894133513149,0.0,37.07552258934592,1.0364126770060689,1483.0,12001.104517869184,5162.894133513149,oligo,oligo_V10B01-087_D1
41791,9.251681075888568,0.1412103746397694,0.0,10.036503362151777,1041.0,12025.915465898175,10383.558117195003,micro,micro_V10B01-087_D1
41963,11.14662447257384,25.314345991561183,0.0,1.2869198312236287,948.0,12069.12447257384,13060.60970464135,neuron,neuron_V10B01-087_D1
42115,8.701519213583557,0.0259159964253798,23.90080428954424,1.454870420017873,1119.0,12106.302055406612,10543.924932975871,oligo,oligo_V10B01-087_D1
42839,12.889867841409693,0.0,29.909691629955947,0.0704845814977973,908.0,12287.129955947135,9192.810572687224,oligo,oligo_V10B01-087_D1
44861,16.67350746268657,43.51865671641791,0.0055970149253731,0.4692164179104477,1072.0,12759.361007462689,12599.263059701492,neuron,neuron_V10B01-087_D1
45251,0.7135362014690452,33.00629590766002,0.0,0.0,953.0,12845.061909758657,5288.843651626443,neuron,neuron_V10B01-087_D1
45845,0.3594632768361582,10.628531073446329,0.0,0.0190677966101694,1416.0,12992.103813559324,5950.9399717514125,neuron,neuron_V10B01-087_D1
46013,40.79625292740047,0.0,0.0620608899297423,9.010538641686182,854.0,13024.209601873536,12838.182669789228,astro,astro_V10B01-087_D1
46581,15.813953488372093,0.0,39.15116279069768,1.877906976744186,1032.0,13150.399224806202,9717.362403100777,oligo,oligo_V10B01-087_D1
46898,68.41430332922319,0.0900123304562268,2.177558569667078,6.505548705302096,811.0,13223.03699136868,12950.496917385944,astro,astro_V10B01-087_D1
47182,11.105320304017372,31.268186753528774,0.0390879478827361,0.4842562432138979,921.0,13283.736156351792,11300.904451682953,neuron,neuron_V10B01-087_D1
47284,35.336399474375824,8.646517739816032,0.0,0.0157687253613666,761.0,13300.766097240474,8709.95926412615,astro,astro_V10B01-087_D1
47651,42.651537335285504,0.0,0.0,0.6544655929721815,683.0,13380.310395314787,8807.288433382138,astro,astro_V10B01-087_D1
47675,37.87155963302752,1.3727064220183487,0.0091743119266055,0.7465596330275229,872.0,13388.768348623851,12658.503440366972,astro,astro_V10B01-087_D1
47802,35.16517412935323,0.0,45.82885572139303,35.265671641791045,1005.0,13423.2407960199,9890.235820895525,oligo,oligo_V10B01-087_D1
48673,66.13000817661488,11.8323793949305,0.0,0.9174161896974652,1223.0,13644.59443990188,8398.532297628783,astro,astro_V10B01-087_D1
48756,24.34064516129032,0.0,0.0,0.3251612903225806,775.0,13660.713548387095,11328.974193548387,astro,astro_V10B01-087_D1
49101,10.144688644688644,0.9597069597069596,0.0,20.395604395604398,546.0,13752.15934065934,7179.820512820513,micro,micro_V10B01-087_D1
49842,21.60945945945946,0.0,30.267567567567568,12.82027027027027,740.0,13943.524324324324,8502.855405405406,oligo,oligo_V10B01-087_D1
