"","cell","trait","Prop._SNPs","Prop._h2","Prop._h2_std_error","Enrichment","Enrichment_std_error","Enrichment_p","Coefficient","Coefficient_std_error","Coefficient_z.score","p_zcore","FDR"
"1","L6_IT","ADHD",0.156649235492628,0.175386319955861,0.0121643326628428,1.11961171980386,0.07765331649777,0.124279420817069,-1.03771605966518e-10,2.70675614138142e-09,-0.0383379959428324,0.969418196660815,0.985643568806722
"5","L6_IT","Alzheimer Disease",0.156649235492628,0.236406201391622,0.0271862695156876,1.50914366513297,0.173548689402745,0.00204803890953247,7.12552497901019e-10,7.43231370798091e-10,0.958722311648216,0.337698655380671,0.609691237542479
"6","L6_IT","Anorexia",0.156649235492628,0.147789240641025,0.0143011155041154,0.943440548409059,0.0912938735969025,0.531240810802095,-5.26154207028514e-09,4.78249818758882e-09,-1.10016603538701,0.271259786157911,0.538470918791077
"8","L6_IT","Autism",0.156649235492628,0.202886620272189,0.0221159884856159,1.29516508417136,0.141181592211835,0.0398576967278934,7.76488776818163e-09,5.5271922513821e-09,1.40485212292733,0.160065255914037,0.401923081206069
"9","L6_IT","BMI",0.156649235492628,0.199276446447654,0.00827460164103417,1.27211885727353,0.0528224833974601,4.67930306329817e-07,4.1735405016657e-09,2.23554937413168e-09,1.86689703656702,0.0619159677914183,0.242269919165535
"10","L6_IT","Bipolar",0.156649235492628,0.220060936336915,0.0130925130475221,1.40480057655482,0.0835785314007372,5.11641476658405e-06,7.75435546400724e-09,3.25440279241785e-09,2.38272763349191,0.0171849036723886,0.118220285608328
"15","L6_IT","Epilepsy",0.156649235492628,0.229061816589367,0.0192862389095459,1.46225939672809,0.123117350996925,5.63293771964094e-05,3.13570237247015e-08,1.38156634401799e-08,2.26967194593829,0.0232274947818847,0.142013697615894
"16","L6_IT","Age of smoking",0.156649235492628,0.200817353883069,0.015245457893548,1.28195553110452,0.0973222617116793,0.00470783017108103,1.44089211477476e-09,9.79595237832476e-10,1.4709055935827,0.141316649742144,0.375902288314104
"17","L6_IT","Cigarettes per day",0.156649235492628,0.211640829832338,0.0139582587813466,1.35104923536188,0.0891051829104108,0.000358249468646585,2.92099348474159e-09,1.47506578781025e-09,1.98024624317119,0.0476758659974145,0.206121162145542
"18","L6_IT","Drinks per week",0.156649235492628,0.211252684695021,0.0124016722340234,1.34857143752203,0.0791684185053496,1.37224617683423e-05,1.76797261911786e-09,7.0365670295763e-10,2.51254995751006,0.0119862132914619,0.100036930512743
"19","L6_IT","Smoking cessation",0.156649235492628,0.204193684635296,0.0122061603212473,1.30350897655613,0.0779203312602295,0.000318492703537103,1.91590999260562e-09,1.18810016625128e-09,1.6125828840263,0.106835159502311,0.32712716448103
"20","L6_IT","Smoking initiation",0.156649235492628,0.180475321629168,0.00960457449406238,1.15209832375888,0.0613126164571315,0.0124248457268143,6.96099595313231e-10,8.10091121671608e-10,0.859285550342586,0.39018299420945,0.640621836126079
"21","L6_IT","Height",0.156649235492628,0.156174360762987,0.00961950762059026,0.996968547416478,0.0614079448925427,0.960646367889115,-2.74383435255515e-08,7.19660554926734e-09,-3.81267853819568,0.00013746885951416,0.00783572499230713
"23","L6_IT","Intelligence",0.156649235492628,0.201612139973181,0.00887228508124152,1.28702919831785,0.0566379085945749,1.1446424996261e-06,5.74086634499778e-09,2.10008625072043e-09,2.73363360339529,0.00626397048879436,0.0714092635722557
"24","L6_IT","Depression",0.156649235492628,0.180506236502933,0.011490241269398,1.15229567469818,0.0733501266907791,0.0408271911923933,5.5997470565573e-10,1.03276256116339e-09,0.542210500954768,0.587673502107216,0.766280154708429
"32","L6_IT","Type 2 Diabetes",0.156649235492628,0.186853939513626,0.0324810454584959,1.19281743652314,0.207348892296537,0.354184200175956,1.72903608539445e-09,4.07121446337406e-09,0.424697863733145,0.671056941304274,0.818812598105215
"33","L6_IT","Parkinson Disease",0.156649235492628,0.276323159007093,0.0437511682797367,1.76396110800104,0.279293851273188,0.00716770202897922,6.66779477856228e-09,3.75924674670721e-09,1.77370500736689,0.0761119577471432,0.274932215051778
"34","L6_IT","PTSD",0.156649235492628,0.165164423381606,0.0621079023251651,1.05435831117975,0.396477532302338,0.891354391290138,3.44083217919804e-10,2.7486712878611e-09,0.125181653928344,0.900379741031652,0.943961861039879
"36","L6_IT","Schizophrenia",0.156649235492628,0.212895238245835,0.0116589561358739,1.35905698854083,0.074427149926452,4.87883212436097e-06,1.49479339988805e-08,5.70530011838042e-09,2.62000835867051,0.00879276117653398,0.0908456231224104
"39","L6_IT","Education Years",0.156649235492628,0.198970994797281,0.00817081888379016,1.27016894893588,0.0521599665526275,9.6940525061951e-07,3.84164113777417e-09,1.49164606579647e-09,2.57543744850956,0.0100113379670909,0.0943459814099628
"40","L6_IT","Neuroticism",0.156649235492628,0.201704801577045,0.00930220602859203,1.28762072117829,0.0593823902130042,2.03084066482065e-06,4.10103588776578e-09,1.43793610273876e-09,2.85202929389892,0.00434410970809554,0.0600607112390482
"41","L6b","ADHD",0.160797422112042,0.17498287770293,0.0122766721044138,1.08821942170816,0.0763486873306934,0.249219753351321,1.01573862360775e-09,2.66365034348576e-09,0.38133331805049,0.702955933798069,0.834231556605172
"45","L6b","Alzheimer Disease",0.160797422112042,0.207258061432767,0.0219084760907371,1.28893895629963,0.136248926151761,0.030165424207059,3.62755435283738e-11,6.50845989210123e-10,0.0557359868997555,0.9555521306482,0.977603333663158
"46","L6b","Anorexia",0.160797422112042,0.137090896270141,0.0157304971220174,0.85256899314354,0.0978280429835281,0.124125482707145,-7.85424439074039e-09,4.97424835402689e-09,-1.57898115086715,0.114340380570951,0.33300592589642
"48","L6b","Autism",0.160797422112042,0.17485487730738,0.0207043098780823,1.08742338658603,0.128760210245508,0.494114375796879,2.68668543124496e-11,5.2632739148898e-09,0.00510458979466056,0.995927144301239,0.995937859213697
"49","L6b","BMI",0.160797422112042,0.193125740994793,0.00766623978917965,1.20104998238233,0.0476763849101877,3.13459144244781e-05,3.02702478661171e-09,2.09850186839266e-09,1.44246942650103,0.149169990522445,0.391241629911504
"50","L6b","Bipolar",0.160797422112042,0.203378955136053,0.0109518159215204,1.26481477417182,0.0681093998751379,0.000174414594709319,3.79183581843655e-09,2.76397123821685e-09,1.37187962233747,0.170100915030577,0.408857018657834
"55","L6b","Epilepsy",0.160797422112042,0.203138769269761,0.0186909896240712,1.26332105702674,0.116239361169904,0.0172763716956196,1.16385860917014e-08,1.35972973391085e-08,0.855948487514985,0.392026273256214,0.640621836126079
"56","L6b","Age of smoking",0.160797422112042,0.177321217851969,0.0134310291485532,1.10276157119244,0.0835276397602607,0.216959849566851,-5.34208760784795e-11,8.3421752727423e-10,-0.0640371058290156,0.948940681247778,0.973335043233582
"57","L6b","Cigarettes per day",0.160797422112042,0.21802361551951,0.0204370186133768,1.35588999286066,0.127097924487474,0.009036045929989,3.71549709529662e-09,2.11288385501297e-09,1.75849566292124,0.0786632088827605,0.277757702161252
"58","L6b","Drinks per week",0.160797422112042,0.184195340967773,0.0120445675522496,1.14551177841289,0.0749052279199913,0.0495506570586002,3.38933730604831e-10,6.81828038010757e-10,0.497095618997533,0.619121623897129,0.786276914627877
"59","L6b","Smoking cessation",0.160797422112042,0.190196680069268,0.0123986520896575,1.182834137333,0.0771072814899869,0.0234581976137336,7.34127578271497e-10,1.12393781174339e-09,0.653174553432594,0.513643753221003,0.697087950799932
"60","L6b","Smoking initiation",0.160797422112042,0.171910302851649,0.00883270870816522,1.06911106281209,0.054930661152084,0.204299133153425,2.84132126266027e-10,7.3227714387892e-10,0.388011736596011,0.698007348179346,0.834231556605172
"61","L6b","Height",0.160797422112042,0.164951975670678,0.0104687047407255,1.02583719007473,0.0651049289423995,0.691042259716681,-1.90073229307627e-08,7.45776990712578e-09,-2.54866041289388,0.0108137541643016,0.0958819535901409
"63","L6b","Intelligence",0.160797422112042,0.201856316246412,0.00835786678832569,1.25534547503977,0.051977616796008,1.56320697287563e-06,5.95710062770167e-09,1.96906574996257e-09,3.02534368281755,0.00248350743926836,0.0493408493549997
"64","L6b","Depression",0.160797422112042,0.18046914010279,0.0108612180082655,1.12233851595606,0.0675459709838974,0.0703959006566335,7.81840762993801e-10,9.27716433975962e-10,0.842758341191635,0.399363611036999,0.640621836126079
"72","L6b","Type 2 Diabetes",0.160797422112042,0.155010616444507,0.0302435292508218,0.964011825615568,0.188084664875711,0.846825075486198,-2.52227647020187e-09,3.56696553193026e-09,-0.707121066246174,0.479491245594004,0.685724039397877
"73","L6b","Parkinson Disease",0.160797422112042,0.191214249287387,0.0349539936894733,1.18916240556488,0.217379067589265,0.380734940281664,-4.53689972783944e-10,2.81850447426695e-09,-0.160968335131681,0.872118340280901,0.937829097684375
"74","L6b","PTSD",0.160797422112042,0.19871370523826,0.0600133722362172,1.23580156092178,0.373223472416121,0.531845925595598,2.24033406009817e-09,2.58935384298288e-09,0.865209699388692,0.386923702695561,0.640621836126079
"76","L6b","Schizophrenia",0.160797422112042,0.202459022676849,0.00893442773526669,1.25909370944876,0.0555632523078713,9.65825689545808e-06,1.03454089038776e-08,4.2629237674973e-09,2.4268341326571,0.0152312176246343,0.116870304465944
"79","L6b","Education Years",0.160797422112042,0.198605011627496,0.00744783576423504,1.23512559479411,0.0463181291491443,1.25284264431298e-06,3.96218615272456e-09,1.34233349688355e-09,2.95171517504661,0.00316014279921778,0.0493408493549997
"80","L6b","Neuroticism",0.160797422112042,0.197370599329036,0.00862524620816796,1.22744877832376,0.0536404507912942,3.25738166130557e-05,3.66904298405263e-09,1.2936113288755e-09,2.83627926113018,0.00456425172444213,0.0600607112390482
"81","Sncg","ADHD",0.147201240564125,0.173718664815162,0.0119365940857694,1.18014402697568,0.0810903090220186,0.0281694179458113,4.15552486920693e-09,2.87121634068414e-09,1.44730468767699,0.147811606807227,0.390575040503865
"85","Sncg","Alzheimer Disease",0.147201240564125,0.229789526989497,0.0397676280494815,1.56105699998767,0.270158239815632,0.0327648903765592,8.30955552344628e-10,1.14666322041083e-09,0.724672717807163,0.468652836079518,0.67506311045389
"86","Sncg","Anorexia",0.147201240564125,0.129704685409823,0.0156055374872648,0.881138534653311,0.106014986201605,0.261213087561115,-7.31153351527354e-09,5.24572131076292e-09,-1.39380898872231,0.163375293052891,0.402387295852491
"88","Sncg","Autism",0.147201240564125,0.208724555464723,0.0228350915003445,1.41795377990579,0.155128390309977,0.00868634595253295,1.27332574169554e-08,6.32347121906686e-09,2.0136499362188,0.0440462996745471,0.195271928557159
"89","Sncg","BMI",0.147201240564125,0.186226365109214,0.0104988151983041,1.26511410091064,0.071322871723561,0.000364885163201347,4.32741992453112e-09,3.32275357282635e-09,1.30235957307246,0.19279349556413,0.447236074012138
"90","Sncg","Bipolar",0.147201240564125,0.190317674565533,0.0113297350711896,1.29290808851998,0.0769676602436926,0.000192314851887894,3.85387696757509e-09,2.99854576437045e-09,1.28524867399655,0.198705399573159,0.455652036952244
"95","Sncg","Epilepsy",0.147201240564125,0.212564685632068,0.019251895250962,1.44404140085673,0.130786229634901,0.000545165891515065,2.8706988333363e-08,1.55155969084879e-08,1.85020199368924,0.0642844417307341,0.249024196607407
"96","Sncg","Age of smoking",0.147201240564125,0.188248488449392,0.0136340584046102,1.27885123608986,0.0926218987853628,0.00265294569168805,1.41365774333085e-09,8.84009975966721e-10,1.59914229676528,0.109788988312029,0.32712716448103
"97","Sncg","Cigarettes per day",0.147201240564125,0.183218264730995,0.0114058769021513,1.24467880860814,0.077484923757708,0.00179259772871625,1.05110932620999e-09,1.35420092317872e-09,0.776184174902727,0.437640248548164,0.650229575284385
"98","Sncg","Drinks per week",0.147201240564125,0.177150192886468,0.0111482897470645,1.20345584186362,0.0757350257670417,0.00904201960044587,3.47286941307815e-10,6.89326207740591e-10,0.503806379922969,0.614397443968952,0.785719808152602
"99","Sncg","Smoking cessation",0.147201240564125,0.170336939818316,0.0105209607666913,1.15717054534002,0.0714733158930684,0.0302134740414379,7.01124442781636e-11,1.08764190865452e-09,0.0644628013321928,0.948601725717049,0.973335043233582
"100","Sncg","Smoking initiation",0.147201240564125,0.170588969050932,0.0089227634689841,1.15888268602341,0.0606160887964601,0.0106349501873446,1.16897316230988e-09,7.85615531878443e-10,1.48797104292835,0.136758530386269,0.372507630368307
"101","Sncg","Height",0.147201240564125,0.163105525950176,0.00996474994366059,1.10804450645321,0.0676947416032112,0.109210130106482,-1.81484868200191e-08,7.97002268555474e-09,-2.27709349597114,0.0227806430118022,0.142013697615894
"103","Sncg","Intelligence",0.147201240564125,0.178030236783845,0.00774238021316564,1.20943435056371,0.0525972483893084,7.63857903344655e-05,3.38006007623848e-09,1.94290234499276e-09,1.73969632851056,0.0819123543737839,0.284200255609911
"104","Sncg","Depression",0.147201240564125,0.18473327476412,0.0109083273652043,1.25497090959396,0.0741048602810676,0.000851706870740527,2.63968786940471e-09,1.04308438391705e-09,2.53065610999948,0.0113849409456418,0.098751987767632
"112","Sncg","Type 2 Diabetes",0.147201240564125,0.154776808070383,0.030528310549178,1.05146401944186,0.207391666212751,0.804046194919009,-2.00358590582613e-09,4.02850609419208e-09,-0.497352085110338,0.618940788102442,0.786276914627877
"113","Sncg","Parkinson Disease",0.147201240564125,0.136569111912244,0.0243900077182095,0.927771473860308,0.165691590809553,0.65694627059738,-4.85552497943633e-09,2.22636722192432e-09,-2.18091828321096,0.0291894611513421,0.157386418910615
"114","Sncg","PTSD",0.147201240564125,0.0736071063721849,0.0676993026872338,0.500044062740894,0.459909865078494,0.242012671161617,-3.50049901659468e-09,2.91897425031226e-09,-1.19922230085456,0.230441518051026,0.489075349480635
"116","Sncg","Schizophrenia",0.147201240564125,0.181834072229723,0.0090512093859757,1.23527540619137,0.0614886759872973,0.000190991881982291,6.74046078956157e-09,4.8106970011653e-09,1.40114016491349,0.161172162889652,0.401923081206069
"119","Sncg","Education Years",0.147201240564125,0.168615045494757,0.0075748846210311,1.14547299226941,0.0514593803150134,0.00540065354651283,1.17311394676242e-09,1.4538001498515e-09,0.806929306536563,0.419707213186479,0.644089146390019
"120","Sncg","Neuroticism",0.147201240564125,0.171716584100829,0.0100862584550166,1.16654304979192,0.0685202000768651,0.0174444174064201,1.88680104598404e-09,1.59069168005552e-09,1.1861513262697,0.235562544149223,0.494562179738385
"121","Astro","ADHD",0.130165291682373,0.137612800958721,0.0106947520452962,1.05721578448517,0.0821628554514626,0.486843210580987,-9.12746182346254e-10,3.0168157576176e-09,-0.302552842360866,0.762230657254934,0.866467328332532
"125","Astro","Alzheimer Disease",0.130165291682373,0.236209473658153,0.0475683216530867,1.81468862094626,0.365445511920046,0.0200208354429154,-3.14757115041327e-10,1.21437251803291e-09,-0.259193213258139,0.795486167262385,0.894081635880822
"126","Astro","Anorexia",0.130165291682373,0.128504871476477,0.0160220737602722,0.987243756116284,0.123090215165568,0.917121354489323,-4.61733020952897e-09,5.68082094311475e-09,-0.812792773397523,0.416336879536081,0.644089146390019
"128","Astro","Autism",0.130165291682373,0.139336317084499,0.0202461868568751,1.07045676526816,0.155542131048879,0.654710582023689,-7.00850434412549e-10,5.69846915866764e-09,-0.122989247620393,0.902115612478238,0.943961861039879
"129","Astro","BMI",0.130165291682373,0.143544619012395,0.00670047624281786,1.10278721122271,0.0514766736678797,0.0449889369555065,-5.28656951090272e-09,2.14627931272236e-09,-2.46313211871627,0.0137729153889387,0.107752808631108
"130","Astro","Bipolar",0.130165291682373,0.143395404993103,0.00951861126356822,1.10164086861968,0.0731271073920028,0.169583693764064,-6.034709967009e-09,2.83987528229648e-09,-2.1249911940249,0.0335873476916869,0.163954236433827
"135","Astro","Epilepsy",0.130165291682373,0.145392113246321,0.0190317632338424,1.11698065872356,0.146212273547417,0.420482805532113,-2.89376174447695e-08,1.71224755351183e-08,-1.69003701511608,0.0910208733697619,0.300143210533347
"136","Astro","Age of smoking",0.130165291682373,0.133692725957099,0.0132499447024879,1.02709965328802,0.101793224070977,0.790679815784887,-1.44677127901368e-09,9.78105653366377e-10,-1.47915644289988,0.139098507822084,0.372507630368307
"137","Astro","Cigarettes per day",0.130165291682373,0.166671656643328,0.0184990916128053,1.28046159225024,0.142120002757314,0.0623540727365711,4.61815426968394e-10,2.1691887081339e-09,0.212897764605128,0.83140670600286,0.912270527707114
"138","Astro","Drinks per week",0.130165291682373,0.150415088492175,0.0127364816854464,1.15556986465498,0.0978485241405655,0.121872627023137,-6.97313081510243e-10,8.27217861246973e-10,-0.842961829256312,0.399249792040321,0.640621836126079
"139","Astro","Smoking cessation",0.130165291682373,0.174335582937344,0.0125078401658018,1.33934000903063,0.0960919766255607,0.00115247473305212,1.97416789730967e-09,1.29990291306895e-09,1.51870411048534,0.128836991496822,0.362279868985043
"140","Astro","Smoking initiation",0.130165291682373,0.121538837006055,0.00875337036657584,0.933726920864833,0.0672481139437362,0.322451234010221,-1.5501034051598e-09,8.78982437740152e-10,-1.76352033738591,0.077812770282184,0.277207994130281
"141","Astro","Height",0.130165291682373,0.209873959696506,0.014226821805743,1.61236499364698,0.109298121041814,4.22255018470307e-07,4.57407882273626e-09,1.11146508318745e-08,0.411535989022593,0.680679557485632,0.820517049657907
"143","Astro","Intelligence",0.130165291682373,0.136302687040718,0.0073769487566212,1.04715078250907,0.0566737005024528,0.405547376014202,-4.4261191835064e-09,2.09960906446699e-09,-2.10806823918434,0.0350250872413048,0.166369164396198
"144","Astro","Depression",0.130165291682373,0.128318823769724,0.00888618978788178,0.985814437252946,0.0682685043995118,0.835340401194651,-5.1875945630871e-10,8.86395118367689e-10,-0.585246292041877,0.558382122253573,0.740670180970251
"152","Astro","Type 2 Diabetes",0.130165291682373,0.219355143267542,0.031067966699391,1.68520456131124,0.238680882575077,0.00363093157207365,5.2636250534017e-09,4.38578360550788e-09,1.20015612416248,0.230078711852793,0.489075349480635
"153","Astro","Parkinson Disease",0.130165291682373,0.173331369932886,0.0275541836118756,1.33162510291797,0.211686105072563,0.101898655407469,-1.65713003203774e-09,2.46173773148271e-09,-0.673154581353247,0.500848952713559,0.696302202552997
"154","Astro","PTSD",0.130165291682373,0.100079899906202,0.0574739000191432,0.768867788122932,0.44154550937734,0.578718210809942,-1.06630386353569e-09,2.90164637984204e-09,-0.367482361373661,0.713259246482773,0.837030703960666
"156","Astro","Schizophrenia",0.130165291682373,0.14897656835313,0.00950682004366327,1.14451837680862,0.0730365208788659,0.0498266443498419,-3.04463755480892e-09,5.66002636330652e-09,-0.537919323935849,0.590632746928231,0.766300923218861
"159","Astro","Education Years",0.130165291682373,0.138518070935158,0.00736838196052057,1.06417055687293,0.0566078857526843,0.258550293071417,-1.72660244600188e-09,1.52424935493487e-09,-1.13275589745987,0.25731677668751,0.518532292415739
"160","Astro","Neuroticism",0.130165291682373,0.141130326594985,0.00893886641989376,1.08423931426643,0.0686731947077432,0.221225198659551,-5.44380696568812e-11,1.60250541441306e-09,-0.0339705995170194,0.972900595350566,0.985643568806722
"161","L2_3_IT","ADHD",0.146435114379603,0.153141562808017,0.0123340025451988,1.04579808918665,0.0842284488761721,0.586743428108946,-5.64436066020086e-10,2.93526757028242e-09,-0.192294587292353,0.847511457998539,0.920434101240354
"165","L2_3_IT","Alzheimer Disease",0.146435114379603,0.207549230890652,0.0214114221567302,1.41734604961364,0.146217812902618,0.00436863899719062,2.61050248410488e-11,7.79729646065407e-10,0.033479584844282,0.973292145638718,0.985643568806722
"166","L2_3_IT","Anorexia",0.146435114379603,0.127877634805666,0.0139197829259032,0.87327165582819,0.0950576846603814,0.173313930620127,-5.35275818619844e-09,4.6951937447909e-09,-1.14005054469522,0.254265244024758,0.51571769519366
"168","L2_3_IT","Autism",0.146435114379603,0.14201887314672,0.0201403591526013,0.969841651358054,0.137537770485784,0.824023023187996,-4.23407428511015e-09,5.03776705773075e-09,-0.840466467899247,0.400646894987221,0.640621836126079
"169","L2_3_IT","BMI",0.146435114379603,0.173513742637164,0.00731060887812294,1.18491895453003,0.0499238786345445,0.000241138305645017,2.12246234881557e-09,2.177215690701e-09,0.974851668523573,0.329633843248354,0.606100937585683
"170","L2_3_IT","Bipolar",0.146435114379603,0.200106638447184,0.0122361488189622,1.36652086007492,0.083560209385588,3.46108496450148e-05,7.84429723263536e-09,3.25817575499025e-09,2.40757338538935,0.0160589343526509,0.117935319691843
"175","L2_3_IT","Epilepsy",0.146435114379603,0.217707026430204,0.0209482521847336,1.48671326104095,0.143054842231553,0.000189641481362384,3.65126192590842e-08,1.5277181063898e-08,2.39001024510787,0.0168479028131205,0.117935319691843
"176","L2_3_IT","Age of smoking",0.146435114379603,0.170389559521888,0.0129626619522331,1.16358402316119,0.0885215408008633,0.0625191765057483,7.17571725639811e-10,8.44548011122682e-10,0.849651785557961,0.395518711598934,0.640621836126079
"177","L2_3_IT","Cigarettes per day",0.146435114379603,0.193813637029538,0.022728042054212,1.32354618528938,0.155208961665398,0.046350271266444,2.89809547555272e-09,2.4804846606875e-09,1.16835855568221,0.242662164904978,0.504282311443157
"178","L2_3_IT","Drinks per week",0.146435114379603,0.18485923048524,0.0104264678200581,1.26239687296607,0.0712019645303765,0.000253518198302714,1.33207838136416e-09,6.22801427306932e-10,2.13884927516019,0.0324478772734936,0.163954236433827
"179","L2_3_IT","Smoking cessation",0.146435114379603,0.186182479789382,0.0132499709784186,1.27143329370264,0.0904835635534163,0.00467591110164833,1.95365320329372e-09,1.31958326696743e-09,1.4805077119411,0.138737804171167,0.372507630368307
"180","L2_3_IT","Smoking initiation",0.146435114379603,0.161189719086816,0.00886747962251624,1.10075865184197,0.0605556915776985,0.0950651171902828,9.16624207167611e-10,8.17611437425963e-10,1.12110003017248,0.262245285847953,0.52580838720268
"181","L2_3_IT","Height",0.146435114379603,0.151309371422704,0.0107074596579734,1.03328612173215,0.0731208474370189,0.648554016650025,-2.02458227342452e-08,8.15771169625803e-09,-2.48180169734755,0.013071999940688,0.106443428088459
"183","L2_3_IT","Intelligence",0.146435114379603,0.178000154193972,0.00840606026229202,1.21555649372829,0.0574046757699183,0.000237516693853516,4.73260413118051e-09,2.11914188021386e-09,2.23326440545024,0.0255315133270724,0.142013697615894
"184","L2_3_IT","Depression",0.146435114379603,0.170870962190085,0.0110629119906787,1.16687150424274,0.0755482183187317,0.0295852112221152,1.67072381910912e-09,1.06172772317384e-09,1.5735897091533,0.115582333887669,0.334183704501304
"192","L2_3_IT","Type 2 Diabetes",0.146435114379603,0.189558344362129,0.0307515289295916,1.29448694847015,0.210001057873828,0.159016824731757,4.58985789341734e-09,4.02908457070907e-09,1.1391813234165,0.25462753371717,0.51571769519366
"193","L2_3_IT","Parkinson Disease",0.146435114379603,0.231512906595135,0.032116645682467,1.58099310794394,0.219323389874994,0.00664675199237488,4.11532426007685e-09,2.59580081076192e-09,1.58537752319636,0.112880584879024,0.331171715931843
"194","L2_3_IT","PTSD",0.146435114379603,0.148576022621309,0.0580972266136822,1.01462018349066,0.396743819676181,0.970511904383466,5.78007048142264e-10,2.72875419303481e-09,0.211820855692182,0.83224679720649,0.912270527707114
"196","L2_3_IT","Schizophrenia",0.146435114379603,0.177739531007409,0.0106199122254128,1.21377670759116,0.0725229892461644,0.00411109562639447,7.08510642566677e-09,5.64484571277694e-09,1.25514616097121,0.209425705821363,0.467664771482666
"199","L2_3_IT","Education Years",0.146435114379603,0.177634263554696,0.00697256124830127,1.21305784003566,0.0476153638274652,1.89294075778735e-05,3.79629333589238e-09,1.35140839256654e-09,2.80913849342213,0.00496742724533482,0.0600607112390482
"200","L2_3_IT","Neuroticism",0.146435114379603,0.168582462925726,0.00782620311198438,1.15124342709707,0.0534448526580623,0.00454456313750825,2.12906668534733e-09,1.25317167855628e-09,1.69894254855818,0.0893300090343147,0.299518265585643
"201","L5_ET","ADHD",0.150465538664545,0.159981732256668,0.0119267664362797,1.06324500398286,0.0792657677109029,0.424676929161213,1.50926748249393e-09,2.81254734385548e-09,0.53661940510662,0.591530537221577,0.766300923218861
"205","L5_ET","Alzheimer Disease",0.150465538664545,0.205065584446848,0.0236196335013234,1.36287409241282,0.156977030826854,0.0243380494940478,-3.79057429187845e-10,8.37013935315048e-10,-0.452868719617159,0.650643276435402,0.803735812067261
"206","L5_ET","Anorexia",0.150465538664545,0.133529339944444,0.0176547063630859,0.887441344573529,0.117333886016559,0.329276238890622,-4.0275352857267e-09,5.89359390975930e-09,-0.68337509292207,0.494369854463426,0.69455483074263
"208","L5_ET","Autism",0.150465538664545,0.167059080972663,0.0208430200981531,1.11028134718018,0.138523546874222,0.439591860239093,3.37850985313187e-09,5.51307163568384e-09,0.612818057952334,0.539996649286019,0.723015647869536
"209","L5_ET","BMI",0.150465538664545,0.173897258379695,0.00817260284449501,1.15572814827314,0.054315446028578,0.00416569984322618,1.68403244543563e-09,2.45948495052318e-09,0.684709392134076,0.493527321142686,0.69455483074263
"210","L5_ET","Bipolar",0.150465538664545,0.185753401476601,0.0107351127239691,1.23452455044028,0.0713459893823426,0.00163369221958117,3.22390201140755e-09,2.89371383033017e-09,1.11410533329749,0.265234000912004,0.529141831819447
"215","L5_ET","Epilepsy",0.150465538664545,0.188325316088645,0.0176082664909117,1.2516175980236,0.117025244764972,0.0305254612270734,9.48662986059923e-09,1.45080826774562e-08,0.653885842223681,0.513185355910241,0.697087950799932
"216","L5_ET","Age of smoking",0.150465538664545,0.166931386973139,0.0141071292401072,1.1094326877419,0.0937565462850486,0.241307000130959,3.19099641088628e-10,9.68940602312340e-10,0.329328382283815,0.741907493576626,0.85769036190843
"217","L5_ET","Cigarettes per day",0.150465538664545,0.16014992152107,0.013356302817133,1.06436279657441,0.0887665237879499,0.457167838096176,-1.16688555945505e-09,1.86933878513646e-09,-0.624223692748059,0.532480689150064,0.717769577604309
"218","L5_ET","Drinks per week",0.150465538664545,0.178526411113148,0.0116840142972249,1.18649368285693,0.0776524272662446,0.0168379230050487,8.29779384988281e-10,6.7923038496356e-10,1.22164644479619,0.221841356913213,0.481840093426522
"219","L5_ET","Smoking cessation",0.150465538664545,0.168339358273623,0.0104681616477353,1.11879012143058,0.0695718218313997,0.0895174635431935,-8.28503843204361e-11,1.12448050102026e-09,-0.0736788092325873,0.941265960733274,0.972966627804602
"220","L5_ET","Smoking initiation",0.150465538664545,0.151679817287192,0.00998792268250237,1.00807014438937,0.0663801344224734,0.903229245145913,1.16745270332208e-10,8.71200303023624e-10,0.134005084625232,0.89339855375272,0.943031806738983
"221","L5_ET","Height",0.150465538664545,0.15914632685501,0.00968503944324091,1.05769286620386,0.0643671602760364,0.367642662451808,-2.01941570089604e-08,7.67277361741418e-09,-2.63192399722671,0.00849028536201365,0.0908456231224104
"223","L5_ET","Intelligence",0.150465538664545,0.159483747694691,0.0080233528349892,1.0599353786268,0.0533235244840804,0.262981958776515,-4.55490717798391e-10,1.99476500501661e-09,-0.22834304625,0.819379562292494,0.907481483704443
"224","L5_ET","Depression",0.150465538664545,0.163174215108659,0.0103207615111996,1.08446237295868,0.0685921946167967,0.221771249686341,9.59891332349238e-10,9.41417697725482e-10,1.01962320728449,0.307907194269511,0.575053745015887
"232","L5_ET","Type 2 Diabetes",0.150465538664545,0.201090569417588,0.030469392483734,1.33645598322623,0.202500803533917,0.103566024852898,4.88680779926555e-09,4.05636341497165e-09,1.20472632733764,0.228308969014258,0.489075349480635
"233","L5_ET","Parkinson Disease",0.150465538664545,0.21676173761757,0.033569486866669,1.44060719511881,0.223104155041842,0.0513852868316665,2.46546356017412e-09,2.9724908049937e-09,0.829426807992882,0.40686293717533,0.640621836126079
"234","L5_ET","PTSD",0.150465538664545,0.0581057841715188,0.0748166223059398,0.38617337024302,0.497234270185545,0.161049700510208,-4.02794002643553e-09,2.9896720574517e-09,-1.34728490250159,0.17788849260923,0.419985257698714
"236","L5_ET","Schizophrenia",0.150465538664545,0.17639493472264,0.00915528205226172,1.17232780534487,0.0608463714251071,0.00501099943864939,5.67669997814518e-09,4.52650146058293e-09,1.25410320256787,0.209804496479692,0.467664771482666
"239","L5_ET","Education Years",0.150465538664545,0.165851850439193,0.00713768050497554,1.10225804467394,0.0474373106847318,0.0332871034466566,1.20827376116386e-09,1.31305693360262e-09,0.92019906391167,0.357468743408002,0.631106321326517
"240","L5_ET","Neuroticism",0.150465538664545,0.177239898761035,0.00966050689555429,1.17794347020671,0.0642041159809482,0.00619515024838649,3.41000987937974e-09,1.51877555565898e-09,2.24523621457693,0.0247529723938054,0.142013697615894
"241","Micro.PVM","ADHD",0.119269256196656,0.0898780092373391,0.0109267276375748,0.753572312794043,0.0916139496967971,0.00668731954120298,-4.30177720176546e-09,3.38136549823709e-09,-1.27220118736298,0.203301645871934,0.460894072175578
"245","Micro.PVM","Alzheimer Disease",0.119269256196656,0.3898696954022,0.0570100957712109,3.26881970957686,0.477994896498813,7.74900265380586e-07,5.34731859586508e-09,1.79437300644455e-09,2.98004850533306,0.00288202743660247,0.0493408493549997
"246","Micro.PVM","Anorexia",0.119269256196656,0.102097565061539,0.0136462988150005,0.856025838655322,0.114415896016824,0.203811453020208,1.55124527676276e-10,5.81850716415688e-09,0.0266605373680508,0.978730488553468,0.988641683374263
"248","Micro.PVM","Autism",0.119269256196656,0.108596456037843,0.0229795560474834,0.910515077404234,0.192669567835602,0.620761208073926,8.77106877684724e-10,6.85092600248693e-09,0.128027492541348,0.898127216170024,0.943961861039879
"249","Micro.PVM","BMI",0.119269256196656,0.116260292970245,0.00786691812568418,0.974771677778812,0.0659593123705987,0.702217828884888,-3.67958489496024e-09,2.67065046148828e-09,-1.37778602929179,0.168269360680472,0.408857018657834
"250","Micro.PVM","Bipolar",0.119269256196656,0.111079415732805,0.0102754637911652,0.931333180695394,0.0861534993915168,0.421057967880868,-9.12579704268898e-09,3.24235181747852e-09,-2.81456102126074,0.00488439035619311,0.0600607112390482
"255","Micro.PVM","Epilepsy",0.119269256196656,0.141271544579073,0.0162470284293803,1.18447577426105,0.136221428283174,0.173834481452788,-1.6308460501686e-08,1.52716452498262e-08,-1.06789152281229,0.285569446873484,0.554499678682746
"256","Micro.PVM","Age of smoking",0.119269256196656,0.109967485481726,0.012881744885986,0.922010323434965,0.108005577436872,0.469249070251173,-5.42310743208379e-10,1.14343933369259e-09,-0.474280293871872,0.635300042092866,0.79462293666161
"257","Micro.PVM","Cigarettes per day",0.119269256196656,0.135365666331017,0.0161082244585443,1.13495858570477,0.135057641610378,0.321559335750128,3.81716264889174e-10,1.75802905030796e-09,0.217127393214752,0.828109066461856,0.912270527707114
"258","Micro.PVM","Drinks per week",0.119269256196656,0.106010869132686,0.0109786160698333,0.888836507522871,0.0920490025671944,0.222781999770679,-1.59261133835903e-09,8.03478433466453e-10,-1.9821457204371,0.0474629336852294,0.206121162145542
"259","Micro.PVM","Smoking cessation",0.119269256196656,0.119799139160435,0.0126310949494939,1.004442745605,0.105904030529605,0.966145337947946,-1.16686357201466e-09,1.47243618930128e-09,-0.792471402491386,0.428085860113944,0.646993402217665
"260","Micro.PVM","Smoking initiation",0.119269256196656,0.0911642882765208,0.00716065034519416,0.764356978349941,0.0600376876115284,9.87026469064871e-05,-1.67835629156531e-10,8.48375647952074e-10,-0.197831738289136,0.84317671333351,0.919200843224236
"261","Micro.PVM","Height",0.119269256196656,0.180605374141658,0.0107501506120207,1.51426595504099,0.0901334589887561,1.53462048341949e-08,-1.34986750415038e-08,9.56758949360803e-09,-1.41087523148041,0.158281406605937,0.401923081206069
"263","Micro.PVM","Intelligence",0.119269256196656,0.110613245874605,0.00750332310917718,0.927424630637602,0.0629107898250443,0.248464564074942,-1.11718468009105e-09,2.32220218433604e-09,-0.481088463195322,0.63045362719057,0.791040871852319
"264","Micro.PVM","Depression",0.119269256196656,0.0814496901121757,0.00822871795265714,0.682905995304258,0.068992783346358,4.22710700398993e-06,-1.81764773747136e-09,9.38498186048552e-10,-1.93676212111221,0.0527744281810312,0.219343717127411
"272","Micro.PVM","Type 2 Diabetes",0.119269256196656,0.124634664978727,0.0316717751319337,1.0449856815844,0.265548525595834,0.865617196076789,-4.29817621707665e-09,4.96132959943368e-09,-0.866335551979305,0.386306175320027,0.640621836126079
"273","Micro.PVM","Parkinson Disease",0.119269256196656,0.204539407438701,0.0429867601742152,1.71493823271144,0.360417776927669,0.0543489450878779,2.04798724533736e-09,4.949180124157e-09,0.413803335898226,0.679018140714152,0.820517049657907
"274","Micro.PVM","PTSD",0.119269256196656,0.0424609397278253,0.0641167416075225,0.356009093054241,0.53757978922753,0.184783161642502,-2.12099698116994e-09,3.32032563901263e-09,-0.638791857114553,0.522958346253063,0.707323322559228
"276","Micro.PVM","Schizophrenia",0.119269256196656,0.100882392943235,0.00795632758151091,0.845837361280233,0.0667089561487012,0.0203524894363989,-1.46379891871891e-08,4.51581392567042e-09,-3.24149520510103,0.00118904434390139,0.0349753775485043
"279","Micro.PVM","Education Years",0.119269256196656,0.100318829016213,0.00688560509018588,0.841112221332243,0.0577316008312539,0.00601168721739184,-2.61918217513193e-09,1.47040582021143e-09,-1.78126483119831,0.0748691969455127,0.274062473222565
"280","Micro.PVM","Neuroticism",0.119269256196656,0.0936037172340366,0.00723684175575653,0.784810102946388,0.0606765061385488,0.000446141591937323,-1.95134590626869e-09,1.37171575565306e-09,-1.42255849889227,0.154864181943435,0.401239016853446
"281","L5_6_NP","ADHD",0.142679468875096,0.163275624426357,0.0124965625356618,1.14435262279601,0.0875848686162509,0.101654922395786,3.75806534391699e-09,3.08667684881873e-09,1.21751175389649,0.223409567127585,0.481840093426522
"285","L5_6_NP","Alzheimer Disease",0.142679468875096,0.288369033812752,0.0547548910330534,2.02109691104327,0.383761528303603,0.00512605757561711,3.17136492600861e-09,1.65627999868536e-09,1.91475168964536,0.0555241781535875,0.226062725339606
"286","L5_6_NP","Anorexia",0.142679468875096,0.124830657521397,0.0148610703118871,0.874902734819367,0.104157034148317,0.222559301102226,-6.85965683835536e-09,4.99485130369974e-09,-1.3733455555072,0.169644946697785,0.408857018657834
"288","L5_6_NP","Autism",0.142679468875096,0.111969982592818,0.0209232500296434,0.784765905533597,0.146645135383563,0.100459713893686,-1.14468641242154e-08,4.92215665320525e-09,-2.32557899528885,0.0200410212035856,0.131087991151322
"289","L5_6_NP","BMI",0.142679468875096,0.170899342515392,0.00934090795792832,1.19778510435163,0.0654677791526228,0.00341603374777874,2.40802021153039e-09,3.21155421841082e-09,0.74979902183372,0.453375757973913,0.660207764348874
"290","L5_6_NP","Bipolar",0.142679468875096,0.176217296884958,0.0104173921036152,1.23505714083658,0.0730125517409571,0.00177924653876992,2.55788364314061e-09,2.82840161873536e-09,0.904356590024968,0.365806348618938,0.640161110083141
"295","L5_6_NP","Epilepsy",0.142679468875096,0.200561508164051,0.018660222231642,1.40567882502861,0.130784214286482,0.00110596366516224,2.56032638436924e-08,1.48673476460568e-08,1.7221137524475,0.0850489143285231,0.292538938078282
"296","L5_6_NP","Age of smoking",0.142679468875096,0.162826944114165,0.0125056188963425,1.1412079495243,0.0876483420841026,0.11038335362799,1.5759171467845e-10,8.82245625872834e-10,0.178625668472472,0.858231638108609,0.928006568036138
"297","L5_6_NP","Cigarettes per day",0.142679468875096,0.194343014735482,0.0207806035737819,1.36209516525193,0.145645366762428,0.0180227976561217,3.32966586429427e-09,2.43700055274105e-09,1.36629672100369,0.171845849786133,0.409342663351883
"298","L5_6_NP","Drinks per week",0.142679468875096,0.18383796558254,0.0111882980520054,1.2884682500709,0.0784156132638801,0.000460537706005036,1.47134290652053e-09,7.14661668601256e-10,2.05879645035428,0.0395137418644601,0.181992743032719
"299","L5_6_NP","Smoking cessation",0.142679468875096,0.183996478476731,0.0132713303850713,1.28957922206596,0.0930149971099852,0.0036775836621586,2.5276770551897e-09,1.37986414839275e-09,1.83183037122453,0.0669766968397895,0.252110396595057
"300","L5_6_NP","Smoking initiation",0.142679468875096,0.152170066313916,0.0082672990590219,1.06651691034208,0.0579431583548942,0.250731802852018,3.73789616718981e-10,7.35003131736809e-10,0.508555134772987,0.611064083597328,0.783969676383711
"301","L5_6_NP","Height",0.142679468875096,0.153604284884122,0.0105509271760006,1.07656894222524,0.0739484612550463,0.299813168525269,-1.68391588331192e-08,7.89210123651436e-09,-2.13367243126704,0.0328696043103719,0.163954236433827
"303","L5_6_NP","Intelligence",0.142679468875096,0.171897542417841,0.00848421147370929,1.204781204844,0.0594634360542545,0.000711760768319432,4.00054454873445e-09,2.21105602339777e-09,1.80933658233894,0.0703987289675893,0.260084193130261
"304","L5_6_NP","Depression",0.142679468875096,0.156223215020804,0.0095880553235908,1.09492428204624,0.0671999650628384,0.161881793017378,7.5839854414897e-10,9.07593214474521e-10,0.835615044332464,0.403371502489197,0.640621836126079
"312","L5_6_NP","Type 2 Diabetes",0.142679468875096,0.160061392453108,0.0265957341672731,1.12182498095243,0.186401970633599,0.512600743728452,3.80173278941043e-10,3.42525000119605e-09,0.11099139590053,0.911623169651874,0.94672975283171
"313","L5_6_NP","Parkinson Disease",0.142679468875096,0.163637539771148,0.0298843103642825,1.14688918497727,0.209450670092161,0.484549530156755,-1.75089815105317e-09,2.65637764639949e-09,-0.659129982299908,0.509812303975412,0.697087950799932
"314","L5_6_NP","PTSD",0.142679468875096,0.188579540426296,0.0663626334404111,1.32170060565183,0.465116908295376,0.480465114536088,2.51481107273251e-09,3.13856749398442e-09,0.801260790966759,0.422980684644144,0.646625644341047
"316","L5_6_NP","Schizophrenia",0.142679468875096,0.167247406079013,0.00780679614353429,1.1721897158548,0.05471562380407,0.00189260059368451,3.73571784630551e-09,4.50234935383353e-09,0.829726339011149,0.40669352613054,0.640621836126079
"319","L5_6_NP","Education Years",0.142679468875096,0.166919807890822,0.00796923779452691,1.16989367290781,0.0558541313431948,0.00278859719386053,2.3495512764861e-09,1.58124344672931e-09,1.48588838824659,0.137308645483981,0.372507630368307
"320","L5_6_NP","Neuroticism",0.142679468875096,0.162937488239583,0.00956852601795275,1.14198272200061,0.067063089689023,0.0368756821797372,1.82357929735411e-09,1.54127725119109e-09,1.18316110611823,0.236745304085292,0.494562179738385
"321","Sst","ADHD",0.146380091522471,0.177630186155466,0.0116445330501307,1.21348596184064,0.0795499779308657,0.00876073997868715,4.66411221476573e-09,2.87484152194132e-09,1.62238933143562,0.10472001202885,0.325149414524274
"325","Sst","Alzheimer Disease",0.146380091522471,0.220410216671218,0.0319704506373992,1.50573902761485,0.218407095561157,0.0133318397748976,4.75688795072188e-10,8.48158014191567e-10,0.560849260530299,0.574900302038354,0.75295271489356
"326","Sst","Anorexia",0.146380091522471,0.132546072208185,0.0145790609152518,0.905492480771115,0.0995972933451392,0.342136680891074,-7.99496081439153e-09,5.01209142347802e-09,-1.59513467311089,0.110682123320649,0.32712716448103
"328","Sst","Autism",0.146380091522471,0.173002346268444,0.0198464382432458,1.18187073439482,0.135581540063453,0.164745844090956,3.02220006111358e-09,5.39800000931923e-09,0.559874037772505,0.575565358502596,0.75295271489356
"329","Sst","BMI",0.146380091522471,0.168337249398472,0.00861237101653542,1.15000098474888,0.0588356717567248,0.010365911569197,-1.12955743816113e-09,2.32622834111488e-09,-0.485574618018696,0.627268796071805,0.789934406980684
"330","Sst","Bipolar",0.146380091522471,0.193625613223092,0.0111592167510094,1.32275920317599,0.0762345250296304,3.54840860249519e-05,4.78593775048053e-09,2.92732436508957e-09,1.63491883836183,0.102066062790719,0.325149414524274
"335","Sst","Epilepsy",0.146380091522471,0.197963338576172,0.0196709736075417,1.35239250445326,0.134382848124685,0.00652727416040857,1.63105537577394e-08,1.53097016439381e-08,1.06537371772999,0.286706845369181,0.554499678682746
"336","Sst","Age of smoking",0.146380091522471,0.175678148148603,0.0121927317894908,1.20015055545743,0.0832950141148062,0.0165032234331859,5.3749267972159e-10,8.20418906065046e-10,0.655144190057189,0.512374923007496,0.697087950799932
"337","Sst","Cigarettes per day",0.146380091522471,0.194456998352239,0.0230394586097928,1.3284388357032,0.157394754779587,0.0448484454052414,2.25104652209554e-09,2.61023191063496e-09,0.862393304182675,0.38847112391764,0.640621836126079
"338","Sst","Drinks per week",0.146380091522471,0.205265242951187,0.0131997144190187,1.40227568391483,0.0901742462498216,1.28637905781598e-05,2.17640536838818e-09,7.69390561563863e-10,2.82873936478297,0.00467317399275779,0.0600607112390482
"339","Sst","Smoking cessation",0.146380091522471,0.171943707817181,0.0120813257694225,1.17463861395924,0.0825339405363596,0.0382563131015309,-8.66471536236101e-12,1.27317800440856e-09,-0.00680558047056908,0.994569974331375,0.995937859213697
"340","Sst","Smoking initiation",0.146380091522471,0.167417130193357,0.00975639875236096,1.14371516271157,0.0666511316592752,0.0335460918226303,6.58187415253711e-10,8.49340234823077e-10,0.77493963934349,0.438375327697994,0.650229575284385
"341","Sst","Height",0.146380091522471,0.158757916513051,0.00991271748683317,1.08455948388774,0.0677190277976529,0.208534417182013,-1.69944970341537e-08,7.53881894699935e-09,-2.25426517782577,0.0241794906098124,0.142013697615894
"343","Sst","Intelligence",0.146380091522471,0.180154578987232,0.00920806496747066,1.23073142743306,0.062905172907732,0.000331002929381596,3.1647653312349e-09,2.37899728457943e-09,1.33029379720136,0.18342149007717,0.430501026710535
"344","Sst","Depression",0.146380091522471,0.187583094607491,0.0110832592014077,1.28147955542639,0.0757156187438667,0.000350647026959826,2.61953450661789e-09,1.0601978432475e-09,2.47079780750542,0.0134812017349365,0.107579989844794
"352","Sst","Type 2 Diabetes",0.146380091522471,0.191547034159634,0.0271182322893067,1.30855932775687,0.185259019906705,0.0902165992754576,3.84805449311155e-09,3.51157386275249e-09,1.09582046213754,0.273157351954515,0.539553383316096
"353","Sst","Parkinson Disease",0.146380091522471,0.136596886012577,0.0279795092983465,0.933165737169989,0.191142859710887,0.724896473223093,-5.18466019366653e-09,2.35476226922181e-09,-2.2017764856492,0.0276811008618255,0.151298071833813
"354","Sst","PTSD",0.146380091522471,0.124618378460462,0.0585700911259346,0.851334202379101,0.400123339975802,0.706941504255065,-1.12488749290581e-09,2.72294653942997e-09,-0.413114057370108,0.679523050627104,0.820517049657907
"356","Sst","Schizophrenia",0.146380091522471,0.17966919349021,0.00909093269008764,1.22741550180428,0.0621049802301298,0.000389075443835085,4.30964786485572e-09,4.89603898812447e-09,0.880231524975381,0.378733898781894,0.640621836126079
"359","Sst","Education Years",0.146380091522471,0.17175394449301,0.0074591123430078,1.17334224009994,0.0509571504254918,0.000789426524014244,1.19435643324775e-09,1.42245067904966e-09,0.839646991518678,0.401106343350947,0.640621836126079
"360","Sst","Neuroticism",0.146380091522471,0.180218902528997,0.00934024876913544,1.2311708556442,0.0638081905263847,0.00047613653802764,2.83666464119119e-09,1.44700956461231e-09,1.96036343543534,0.0499533264033061,0.212035928031055
"361","OPC","ADHD",0.15991521111918,0.171656782139504,0.0120519661690442,1.07342372835048,0.0753647266241747,0.330325839477173,7.43975384490244e-10,2.65051099260879e-09,0.280691303135468,0.778947179793358,0.880453044582294
"365","OPC","Alzheimer Disease",0.15991521111918,0.229823402915871,0.0279161323016749,1.43715786201595,0.174568335971929,0.0169617734765998,-2.58461238595388e-10,1.08456241057583e-09,-0.23830923520405,0.811641259007821,0.902074825471088
"366","OPC","Anorexia",0.15991521111918,0.181575999367567,0.0159034037452291,1.13545170654369,0.099448974452948,0.178631617929209,5.75896424715258e-09,5.05312015403545e-09,1.13968480297336,0.254417640710881,0.51571769519366
"368","OPC","Autism",0.15991521111918,0.187348464870272,0.0211841868711798,1.17154874485734,0.132471368564131,0.218427125063253,4.57934103475169e-09,5.25774824544094e-09,0.870970008638679,0.383770528987958,0.640621836126079
"369","OPC","BMI",0.15991521111918,0.168239899555028,0.00752236789439242,1.05205688925767,0.0470397271263096,0.26525138548163,-3.70655890448436e-09,1.97818513904502e-09,-1.87371688894282,0.0609694568544546,0.242269919165535
"370","OPC","Bipolar",0.15991521111918,0.167175750231588,0.00999991580378373,1.045402429585,0.0625326117121597,0.469028584654172,-5.0862188491789e-09,2.47827987846637e-09,-2.05231817978783,0.0401387503430558,0.181992743032719
"375","OPC","Epilepsy",0.15991521111918,0.161129001964898,0.0156266721706931,1.00759021507225,0.0977184850729864,0.937917659125204,-2.40337847729114e-08,1.13428676714e-08,-2.11884555732854,0.0341035212134843,0.163954236433827
"376","OPC","Age of smoking",0.15991521111918,0.173978774535294,0.0139981733769679,1.08794387549308,0.0875349710574777,0.319799985315682,-4.0033952933457e-10,8.68902852988143e-10,-0.460741414253399,0.644984138533672,0.801593721156155
"377","OPC","Cigarettes per day",0.15991521111918,0.19003484579896,0.0170303446652641,1.1883475278492,0.106496089684501,0.0931869238424709,6.72294928742959e-10,1.77731278884572e-09,0.378264834958837,0.705233865709399,0.834231556605172
"378","OPC","Drinks per week",0.15991521111918,0.149741470214316,0.0106003026188484,0.936380405380687,0.0662870188812017,0.334893006163117,-1.81596451436786e-09,6.1633794810739e-10,-2.94637790832807,0.00321519319105262,0.0493408493549997
"379","OPC","Smoking cessation",0.15991521111918,0.199141265637436,0.0101112366701189,1.24529282889182,0.0632287360242627,0.000219639751986025,1.83992519389901e-09,9.83122572470136e-10,1.8715114935019,0.0612742182957454,0.242269919165535
"380","OPC","Smoking initiation",0.15991521111918,0.177935460906424,0.0108640902893025,1.112686277066,0.0679365659668597,0.100070096660082,8.88648704915267e-10,8.65370717492113e-10,1.02689943968825,0.304467818184185,0.575053745015887
"381","OPC","Height",0.15991521111918,0.243602466073621,0.0149587603431845,1.52332266811111,0.0935418228103156,2.6380923199161e-07,2.58704468032005e-08,1.00952943812479e-08,2.56262431051591,0.0103884391169002,0.0943459814099628
"383","OPC","Intelligence",0.15991521111918,0.167860720418552,0.00842337066353797,1.04968576312263,0.0526739801960445,0.34466586036506,-2.35037275295602e-09,2.02670150587454e-09,-1.15970346207535,0.24616956014246,0.508920489620941
"384","OPC","Depression",0.15991521111918,0.168915743071923,0.00980469810074612,1.05628315086321,0.0613118541515039,0.359349645423493,1.23387547647139e-10,8.40554138283785e-10,0.146793099965063,0.8832953311151,0.939826232306467
"392","OPC","Type 2 Diabetes",0.15991521111918,0.161930918654337,0.0320822004258986,1.01260485179021,0.200620067355498,0.949702980122177,-3.25311802615757e-09,3.71112207062811e-09,-0.876586100981307,0.380711491251304,0.640621836126079
"393","OPC","Parkinson Disease",0.15991521111918,0.247978738992822,0.0340136073027304,1.55068887604451,0.212697760673818,0.0072961012002484,3.63291293285272e-09,2.59127584622615e-09,1.40197846483367,0.160921677559768,0.401923081206069
"394","OPC","PTSD",0.15991521111918,0.153232148048702,0.0673184131007286,0.95820870932974,0.420963163101215,0.921029450025797,5.6468665237683e-10,2.96432047008195e-09,0.190494468488159,0.848921677334462,0.920434101240354
"396","OPC","Schizophrenia",0.15991521111918,0.180985634075912,0.00914239248748461,1.1317599671055,0.0571702493058716,0.0227940002473792,-7.76079329398167e-10,4.5078866530471e-09,-0.172160346772157,0.8633114710575,0.93097642419444
"399","OPC","Education Years",0.15991521111918,0.169785922208753,0.00835565830515328,1.06172465408695,0.0522505535694541,0.239705702326883,-9.24289931846219e-10,1.49292122725748e-09,-0.619115004174837,0.535840599603162,0.719866664113339
"400","OPC","Neuroticism",0.15991521111918,0.175418075289129,0.00924425516571934,1.09694427479069,0.0578072285995975,0.0953468202423253,7.87267360775277e-10,1.3393539931043e-09,0.587796329296469,0.556669008172457,0.740670180970251
"401","L6_IT_Car3","ADHD",0.142208419537207,0.158702234637216,0.0118546194804497,1.11598339362525,0.0833608834064008,0.166221474984722,2.13546304061211e-09,2.9074629324002e-09,0.734476445706298,0.462658410601823,0.671275293927736
"405","L6_IT_Car3","Alzheimer Disease",0.142208419537207,0.204966025933089,0.0219217990378347,1.44130724889648,0.154152610015464,0.00531644330649107,-3.95758288057974e-10,9.48182551596893e-10,-0.417386174625818,0.676395965700038,0.820517049657907
"406","L6_IT_Car3","Anorexia",0.142208419537207,0.130904575019038,0.0161761620421644,0.920512128923475,0.113749678779969,0.481696300226145,-4.01855284048671e-09,5.56958995252694e-09,-0.721516821658205,0.470591594779426,0.675417432794932
"408","L6_IT_Car3","Autism",0.142208419537207,0.185730696872358,0.0212624429519322,1.30604571428883,0.149516062558934,0.0466966324477195,9.05321050287832e-09,5.66545700388672e-09,1.59796650061371,0.110050432656002,0.32712716448103
"409","L6_IT_Car3","BMI",0.142208419537207,0.159995928972182,0.00744040597674036,1.12508056479962,0.0523204322286533,0.0163378546620601,-1.4965305500136e-09,2.16985921785966e-09,-0.689690159479457,0.490389055511765,0.69455483074263
"410","L6_IT_Car3","Bipolar",0.142208419537207,0.19470154715614,0.011819076683296,1.36912812750301,0.0831109488577338,2.30304787333572e-05,7.05055572170435e-09,3.1246544348681e-09,2.25642734858198,0.024043880485517,0.142013697615894
"415","L6_IT_Car3","Epilepsy",0.142208419537207,0.194212748832297,0.0198595947423015,1.3656909307081,0.139651328711275,0.00478752457917237,1.5553055523272e-08,1.48674885165974e-08,1.04611182352078,0.295509406975464,0.562213877849629
"416","L6_IT_Car3","Age of smoking",0.142208419537207,0.162042050104209,0.0120958211308763,1.13946875038445,0.0850569971190179,0.103664811206726,3.56936910483767e-10,8.04833660155263e-10,0.443491528938923,0.657410245085505,0.807218543585677
"417","L6_IT_Car3","Cigarettes per day",0.142208419537207,0.190415261524704,0.0142361066672571,1.33898725648156,0.100107340434456,0.00190753574004894,2.93851992108923e-09,1.52946641192707e-09,1.9212712996991,0.0546975134381257,0.224992864554765
"418","L6_IT_Car3","Drinks per week",0.142208419537207,0.172713349406801,0.0104709795198281,1.21450860623349,0.0736312206682567,0.0045937919158015,6.27570469521251e-10,6.49324628885765e-10,0.966497252072751,0.333795421295706,0.60814782236067
"419","L6_IT_Car3","Smoking cessation",0.142208419537207,0.181730942560169,0.0107871220602197,1.27791971214911,0.0758543136568463,0.000358294103856306,1.97121019245793e-09,1.17872500574851e-09,1.67232406442941,0.0944604368505323,0.30893208445379
"420","L6_IT_Car3","Smoking initiation",0.142208419537207,0.144371892893556,0.00914969698856162,1.01521339849911,0.0643400511610896,0.813052987005562,-2.75183602765861e-10,8.74216470688669e-10,-0.314777417255801,0.752930659171388,0.863273945429264
"421","L6_IT_Car3","Height",0.142208419537207,0.162647493908857,0.0106116851293379,1.14372619032097,0.0746206530096587,0.0537598240272258,-1.86472064352345e-08,8.80075487888605e-09,-2.11881897540075,0.0341057684812221,0.163954236433827
"423","L6_IT_Car3","Intelligence",0.142208419537207,0.167054035860295,0.00853279753354333,1.17471269566137,0.0600020558649891,0.00402567794515101,2.87509512575305e-09,2.2225867713652e-09,1.29358059842454,0.195810327619605,0.451608790290303
"424","L6_IT_Car3","Depression",0.142208419537207,0.163120869582662,0.0109440062483635,1.14705493608262,0.0769575126703386,0.0591278919469095,1.64615895171988e-09,1.05291163011485e-09,1.56343505441223,0.117950300389864,0.336568128952026
"432","L6_IT_Car3","Type 2 Diabetes",0.142208419537207,0.123697008738246,0.0287454676170656,0.869829009708403,0.202136186525472,0.517157309029443,-5.36306893882552e-09,3.86265696786235e-09,-1.38844038791089,0.165002985181154,0.403903012805403
"433","L6_IT_Car3","Parkinson Disease",0.142208419537207,0.276934493143558,0.0471963752089757,1.94738464884705,0.331881722352081,0.00323384560868235,8.18468419230157e-09,4.1399820726937e-09,1.97698541891901,0.0480432783948256,0.206121162145542
"434","L6_IT_Car3","PTSD",0.142208419537207,0.0904754706660575,0.0614062079195689,0.636217398101281,0.431804306098083,0.363959038945833,-2.26189673239538e-09,2.71170106663587e-09,-0.834124660798799,0.404210739832606,0.640621836126079
"436","L6_IT_Car3","Schizophrenia",0.142208419537207,0.183739916816603,0.0102480427925765,1.29204668341405,0.0720635446616098,8.96717874873487e-05,1.21219699618174e-08,5.2954236919581e-09,2.28914071223921,0.0220711780126593,0.142013697615894
"439","L6_IT_Car3","Education Years",0.142208419537207,0.168721875164308,0.00782598248304422,1.18644082898456,0.0550317801752703,0.000953367172717436,3.02808087497112e-09,1.55635814389394e-09,1.94561957789162,0.0517004535040816,0.217141904717143
"440","L6_IT_Car3","Neuroticism",0.142208419537207,0.175716467828801,0.00921744626649028,1.2356263321162,0.0648164595070169,0.000353339085937296,4.246822032705e-09,1.42191266490085e-09,2.9866968186834,0.00282009243665514,0.0493408493549997
"441","Endo","ADHD",0.121898275150856,0.0975005361271102,0.010782245047361,0.799851646846093,0.0884528106244112,0.0232380384996074,-4.79866447543189e-09,2.96121252255698e-09,-1.62050661304386,0.105123494921382,0.325149414524274
"445","Endo","Alzheimer Disease",0.121898275150856,0.255106729847077,0.0559432110190391,2.09278375376,0.458933573504681,0.011901265742688,-7.68178417388177e-10,1.62957226212157e-09,-0.47139880522271,0.63735596903219,0.794703223887012
"446","Endo","Anorexia",0.121898275150856,0.0980153101615091,0.0166702441022611,0.804074627308794,0.13675537313084,0.140621411560785,-5.78081233202618e-09,6.34236221987336e-09,-0.911460451424928,0.362052814483591,0.636383581405079
"448","Endo","Autism",0.121898275150856,0.0752013773680936,0.0251221988732331,0.616919126009189,0.206091504101621,0.0306998946442121,-1.39865457191143e-08,6.47466424616016e-09,-2.16019629549271,0.0307574768262265,0.161476753337689
"449","Endo","BMI",0.121898275150856,0.112440623744605,0.00628771641094317,0.922413574806155,0.0515816684293669,0.133157673668411,-1.03002868605491e-08,2.33038711326388e-09,-4.41998962400832,9.87056404423746e-06,0.00131278501788358
"450","Endo","Bipolar",0.121898275150856,0.107384812843221,0.00889134443866903,0.880937919017527,0.0729406911432136,0.104094415442464,-1.31336331223354e-08,3.19147323974414e-09,-4.11522583325447,3.86800516060359e-05,0.00348683076976465
"455","Endo","Epilepsy",0.121898275150856,0.133767130794184,0.0155144608875503,1.09736688750222,0.127273834419316,0.440742515515767,-3.02508798172286e-08,1.42650809908488e-08,-2.12062447010535,0.0339534171964151,0.163954236433827
"456","Endo","Age of smoking",0.121898275150856,0.111698515543373,0.0121647171312537,0.916325644519091,0.0997940054213174,0.397106971414796,-1.22223980853611e-09,9.95109507679891e-10,-1.22824653880132,0.219354433190324,0.480892411224941
"457","Endo","Cigarettes per day",0.121898275150856,0.111232246155744,0.0124726219780692,0.912500574910416,0.102319921776035,0.392090700600443,-4.88679508210817e-09,2.27640941721688e-09,-2.1467118547079,0.031816228411243,0.163954236433827
"458","Endo","Drinks per week",0.121898275150856,0.12380847559612,0.0115105739295508,1.01567044687794,0.0944277014199407,0.867922803021853,-9.80447844378739e-10,7.85165155758958e-10,-1.24871542908831,0.211769175552193,0.469421672474027
"459","Endo","Smoking cessation",0.121898275150856,0.126908002885092,0.0126458604989475,1.04109760969166,0.103741094640572,0.690991309632869,-1.53774927969191e-09,1.45888686868656e-09,-1.05405656373914,0.291857021122194,0.55986034340267
"460","Endo","Smoking initiation",0.121898275150856,0.0786250396770894,0.00768792345095778,0.6450053504021,0.0630683530299633,2.95504419187533e-08,-2.94640013859768e-09,7.97812000630305e-10,-3.69310080102819,0.000221536158062192,0.00982143634075716
"461","Endo","Height",0.121898275150856,0.219256114070568,0.0173441849594581,1.79868102152575,0.142284088417115,3.51102248148036e-07,1.29681958495926e-08,1.56668796359279e-08,0.827745929690651,0.407814401944922,0.640621836126079
"463","Endo","Intelligence",0.121898275150856,0.0905374017822036,0.00741193143498961,0.742729145840322,0.0608042355465402,3.54519108819801e-05,-1.15976070420583e-08,2.22316521235887e-09,-5.21670948141222,1.82129576593167e-07,7.26697010606736e-05
"464","Endo","Depression",0.121898275150856,0.0811557355740072,0.00818856059778395,0.665766069893709,0.0671753606656875,1.31873120299727e-06,-2.79714010086441e-09,9.19095836790374e-10,-3.04336064738631,0.00233951767889592,0.0493408493549997
"472","Endo","Type 2 Diabetes",0.121898275150856,0.145481831284828,0.028693510435952,1.193469153725,0.23538897823158,0.415989012013526,-4.2766187995753e-09,4.76830037730875e-09,-0.896885359808026,0.369780092967633,0.640621836126079
"473","Endo","Parkinson Disease",0.121898275150856,0.188893761202634,0.0395354700889994,1.54960159172776,0.324331661297685,0.09718987016887,2.17296306377143e-11,4.26810955389726e-09,0.00509116046889488,0.995937859213697,0.995937859213697
"474","Endo","PTSD",0.121898275150856,-0.0281893059378159,0.0794662621787378,-0.231252705609904,0.651906370950647,0.00953599880591803,-7.16690165683464e-09,3.19449766907115e-09,-2.2435144424189,0.0248636595934807,0.142013697615894
"476","Endo","Schizophrenia",0.121898275150856,0.0987644437864954,0.00802456473806163,0.810220191091868,0.0658300105405987,0.00453853813070529,-2.13361474340068e-08,4.75904614530624e-09,-4.48328231804398,7.35035800363459e-06,0.00131278501788358
"479","Endo","Education Years",0.121898275150856,0.0946252659831943,0.00702815152703166,0.776264191319281,0.0576558734595214,0.000119954366875836,-6.4813553876082e-09,1.58583825072874e-09,-4.08702172786527,4.36946211749956e-05,0.00348683076976465
"480","Endo","Neuroticism",0.121898275150856,0.0954911655038205,0.00641937538926174,0.783367651311268,0.0526617409583312,6.35369048531775e-05,-3.49138132150114e-09,1.1795732543682e-09,-2.95986816297491,0.003077707178337,0.0493408493549997
"481","Vip","ADHD",0.133171586263678,0.144345797045939,0.011092194685591,1.08390837036465,0.0832925025284944,0.313776145001695,1.67584508531064e-09,2.86617492734318e-09,0.584697420008511,0.558751189152996,0.740670180970251
"485","Vip","Alzheimer Disease",0.133171586263678,0.202583982858825,0.0344280456317775,1.52122527441936,0.258523958433674,0.0352442931127703,-2.19876710733615e-11,1.02770791772839e-09,-0.0213948639434074,0.982930670608728,0.990377115083037
"486","Vip","Anorexia",0.133171586263678,0.15542992789095,0.0175303449321716,1.16714032063267,0.131637276569356,0.204808361346064,8.98317123800756e-09,6.37510366540812e-09,1.40910198633334,0.158805013605198,0.401923081206069
"488","Vip","Autism",0.133171586263678,0.170112826790088,0.0206070604381631,1.27739581364802,0.154740669660279,0.0692625032573784,7.91531636951027e-09,5.67636709789626e-09,1.3944334876516,0.163186741536819,0.402387295852491
"489","Vip","BMI",0.133171586263678,0.155494702597892,0.00797751283073076,1.16762672098848,0.0599040159733128,0.0051927382970658,1.04702497330049e-09,2.45508745078177e-09,0.426471559278707,0.669764267725219,0.818812598105215
"490","Vip","Bipolar",0.133171586263678,0.167119025583201,0.010807865811422,1.25491503309353,0.0811574459286125,0.00166619815042154,2.70746007650541e-09,3.01152520149985e-09,0.899032847261912,0.368635164837041,0.640621836126079
"495","Vip","Epilepsy",0.133171586263678,0.170094856385317,0.0159409479228745,1.27726087191401,0.119702320668552,0.0144137283476414,4.37011882036764e-09,1.33286797404408e-08,0.327873345707916,0.743007427758264,0.85769036190843
"496","Vip","Age of smoking",0.133171586263678,0.17303807163507,0.0125401736919938,1.29936179698616,0.0941655351852941,0.00182258089341352,1.91857281352422e-09,9.34442438300744e-10,2.05317388732161,0.0400557160029964,0.181992743032719
"497","Vip","Cigarettes per day",0.133171586263678,0.153141683038673,0.0126066204532637,1.14995763987863,0.0946644911798436,0.0981351609744903,-5.83981577296679e-10,1.92181504218938e-09,-0.303869812899056,0.76122707678105,0.866467328332532
"498","Vip","Drinks per week",0.133171586263678,0.174518241612083,0.0124194799880181,1.31047655516049,0.0932592329675171,0.0011518466979972,1.40232857449675e-09,8.25262325089152e-10,1.69925190071564,0.0892717311160224,0.299518265585643
"499","Vip","Smoking cessation",0.133171586263678,0.155075911897845,0.00985584981280886,1.16448197583827,0.0740086537175762,0.0248130131040333,3.11228087036643e-10,1.15714691574624e-09,0.268961600987316,0.787959232114427,0.888123541281515
"500","Vip","Smoking initiation",0.133171586263678,0.163476951864651,0.00934910254783075,1.22756630337772,0.070203433105615,0.00168716143791741,2.62164705956835e-09,8.98153697398883e-10,2.91892920683935,0.00351235979099497,0.0519048724669257
"501","Vip","Height",0.133171586263678,0.164470932883213,0.0107695127840914,1.23503021551131,0.0808694488535109,0.00375958021676122,-5.8796277148895e-09,8.82121183298166e-09,-0.666532878499317,0.505070555632074,0.697087950799932
"503","Vip","Intelligence",0.133171586263678,0.154787914152511,0.00841141575700549,1.16231936928373,0.0631622404823729,0.0104010982094588,2.30962997720915e-09,2.37942475693323e-09,0.970667372640924,0.331713944367743,0.607127815608851
"504","Vip","Depression",0.133171586263678,0.176515511780688,0.0106940721962189,1.32547427520454,0.0803029572317683,6.60461675831588e-05,4.12086530892864e-09,1.09582298654663e-09,3.7605209596078,0.000169559866306309,0.00845679833202718
"512","Vip","Type 2 Diabetes",0.133171586263678,0.127791035871393,0.0248075897444969,0.959596858885264,0.18628290343691,0.828692840020445,-3.16970531791946e-09,3.59222450003442e-09,-0.882379516616817,0.377571608802525,0.640621836126079
"513","Vip","Parkinson Disease",0.133171586263678,0.136583898276718,0.0252526402470249,1.02562342395084,0.189624836314745,0.892333441040385,-4.1021338805062e-09,2.31568487226721e-09,-1.77145600838595,0.0764849019316975,0.274932215051778
"514","Vip","PTSD",0.133171586263678,0.136187126693378,0.0587360106694755,1.02264402275519,0.441055125326652,0.959001425634055,6.74015837751645e-10,2.97988317688543e-09,0.226188678462263,0.821054675732591,0.907481483704443
"516","Vip","Schizophrenia",0.133171586263678,0.167174791494876,0.00897222232101454,1.2553337854208,0.0673733982806938,0.000202370127347951,9.74198236164204e-09,5.28734385448363e-09,1.84250970425933,0.0654006283601227,0.250912026112394
"519","Vip","Education Years",0.133171586263678,0.145416667683051,0.0075534811082015,1.09194965504975,0.0567199154123291,0.10634816270432,3.75660011564369e-10,1.53545874862707e-09,0.244656531411387,0.80672238815249,0.901630904405725
"520","Vip","Neuroticism",0.133171586263678,0.155409640568935,0.00963577031306625,1.16698798091378,0.0723560526942103,0.023844500316981,2.64413335668946e-09,1.65014865232751e-09,1.60236070426743,0.109075869110065,0.32712716448103
"521","L5_IT","ADHD",0.154613389778733,0.182168022588308,0.0124338361895424,1.17821634238153,0.0804188835607092,0.0268410559929222,4.06813128299452e-09,2.89933218612843e-09,1.40312700367971,0.160578970009906,0.401923081206069
"525","L5_IT","Alzheimer Disease",0.154613389778733,0.222678468653784,0.0256945846317829,1.44022758295681,0.166186024823299,0.00565493592872527,8.22954458466385e-11,6.80496154094045e-10,0.120934476045937,0.903742934629658,0.943961861039879
"526","L5_IT","Anorexia",0.154613389778733,0.136214850297689,0.0142517207340383,0.881002935726501,0.0921764974846871,0.188657205735033,-5.85668455743417e-09,4.75294845739055e-09,-1.23222134848262,0.21786641066338,0.480269048920932
"528","L5_IT","Autism",0.154613389778733,0.160271942689293,0.0221715964562263,1.03659807807499,0.143400235179864,0.79945343882516,-2.05153995302374e-09,5.5024312976951e-09,-0.372842447643663,0.709265708376016,0.834799462070886
"529","L5_IT","BMI",0.154613389778733,0.195416071652072,0.00802551547685817,1.26390134730072,0.0519069887048172,6.10676652497964e-07,5.46924406117705e-09,2.26462619498686e-09,2.41507586253491,0.0157319326922032,0.117935319691843
"530","L5_IT","Bipolar",0.154613389778733,0.209689644625506,0.0123891403730473,1.35621917950051,0.0801298024108872,3.01922425234663e-05,7.2262796880834e-09,3.09224837249791e-09,2.33690144438367,0.0194443092342993,0.12930465640809
"535","L5_IT","Epilepsy",0.154613389778733,0.197644213324068,0.0173298801099807,1.27831239976639,0.112085247822207,0.00935008358807588,1.03029048941786e-08,1.3286333033633e-08,0.775451350504152,0.43807300198929,0.650229575284385
"536","L5_IT","Age of smoking",0.154613389778733,0.205017936155634,0.0142593076255039,1.32600375975868,0.0922255675650755,0.000514186578269089,2.3520909419965e-09,9.14790904314466e-10,2.57117875888712,0.0101352996351229,0.0943459814099628
"537","L5_IT","Cigarettes per day",0.154613389778733,0.196101397376551,0.0135162615747118,1.26833385942312,0.0874197350828084,0.00180548339861334,1.80958604747546e-09,1.57630690421675e-09,1.14799094176056,0.250972303275426,0.51571769519366
"538","L5_IT","Drinks per week",0.154613389778733,0.200686050801398,0.0113711604810229,1.29798622932076,0.0735457679137377,6.55979183752261e-05,1.64778097810868e-09,6.43022233706399e-10,2.56255676978823,0.0103904599387785,0.0943459814099628
"539","L5_IT","Smoking cessation",0.154613389778733,0.197433086713616,0.0133117756569626,1.27694688665815,0.086097172282511,0.00225272845922164,1.95742709573502e-09,1.30877438814315e-09,1.49561843008875,0.134753117621296,0.372507630368307
"540","L5_IT","Smoking initiation",0.154613389778733,0.177292594774498,0.0094232645228994,1.14668331784344,0.0609472733013941,0.0157408904216229,1.36801411072053e-09,7.97332945306992e-10,1.71573759590959,0.0862100803767205,0.293998479233431
"541","L5_IT","Height",0.154613389778733,0.154484482059779,0.00977303309649532,0.999166257727496,0.0632094872926692,0.989469107644449,-2.5511845153245e-08,7.40902586303979e-09,-3.44334675365514,0.000574562115409407,0.0229250284048353
"543","L5_IT","Intelligence",0.154613389778733,0.195252648070192,0.00865858921630404,1.2628443652236,0.0560015483050682,8.2865261990447e-06,6.5745422614407e-09,2.18560044831402e-09,3.00811718194527,0.00262871755688258,0.0493408493549997
"544","L5_IT","Depression",0.154613389778733,0.161790148447323,0.0120674636980848,1.04641744598486,0.0780492796604132,0.553638217774184,-2.70323333790171e-10,1.08124512464469e-09,-0.250011146990377,0.80257872827461,0.899519417363959
"552","L5_IT","Type 2 Diabetes",0.154613389778733,0.193958108598331,0.0298503499448625,1.25447161384861,0.19306445572134,0.188314071723706,3.56300071097727e-09,3.77833026661159e-09,0.943009334695499,0.345676128286307,0.615735603509984
"553","L5_IT","Parkinson Disease",0.154613389778733,0.280282954370157,0.0511550130834573,1.81279871537175,0.330857587151186,0.0135015131217128,7.64579125820454e-09,4.3800179259399e-09,1.74560729829978,0.0808792131923233,0.283077246173131
"554","L5_IT","PTSD",0.154613389778733,0.123301637450142,0.0577076464156282,0.797483566116746,0.37323834952596,0.575689047644763,-8.23410190010912e-10,2.54801332416511e-09,-0.323157725354797,0.746575794923945,0.85845458839958
"556","L5_IT","Schizophrenia",0.154613389778733,0.203424564987134,0.011688366775409,1.3156982411307,0.0755973773819736,6.65184090179606e-05,1.52038211998339e-08,5.81040714606924e-09,2.61665332869476,0.00887964737286718,0.0908456231224104
"559","L5_IT","Education Years",0.154613389778733,0.192803989450698,0.00751768523086928,1.24700706534292,0.0486224721004296,1.41011761207498e-06,4.60530994619703e-09,1.42469856100709e-09,3.23248023984922,0.00122720622977208,0.0349753775485043
"560","L5_IT","Neuroticism",0.154613389778733,0.181144708307015,0.00858417971358017,1.17159780641413,0.0555202866056103,0.00212735916958292,2.45287645519226e-09,1.34752292463934e-09,1.82028551080032,0.0687155367329967,0.256238309873511
"561","Pvalb","ADHD",0.136841845688062,0.128485651258869,0.0108317907494089,0.938935386415048,0.0791555440877387,0.439424923380594,-4.68125162757669e-09,2.7619897853103e-09,-1.69488375825067,0.0900974741808501,0.299574101651327
"565","Pvalb","Alzheimer Disease",0.136841845688062,0.224100963992444,0.0352616205101656,1.63766399719056,0.257681561753751,0.0083618364276613,6.14645655249012e-10,9.07775043367954e-10,0.67709027664894,0.498348677751797,0.695248679800584
"566","Pvalb","Anorexia",0.136841845688062,0.177371341311258,0.0167512276359509,1.29617764521816,0.122413049544335,0.0158912623048634,1.35524532882867e-08,6.07236380079027e-09,2.23182499153343,0.0256265319006125,0.142013697615894
"568","Pvalb","Autism",0.136841845688062,0.158030087374956,0.0204889232945273,1.15483744449921,0.149727031168761,0.291007192154087,2.24402662470746e-09,5.85620981944676e-09,0.383187538338484,0.701580717143969,0.834231556605172
"569","Pvalb","BMI",0.136841845688062,0.146780729095948,0.00699058139384814,1.07263043959918,0.0510851147812164,0.152163145960853,-4.98227199523332e-09,2.1023150167727e-09,-2.36989792466102,0.0177929968165241,0.12032891067446
"570","Pvalb","Bipolar",0.136841845688062,0.179465978079449,0.00912643097670267,1.31148463525222,0.0666932759552722,4.5142418977503e-06,3.77581685211602e-09,2.55273649782198e-09,1.4791251879454,0.139106859460846,0.372507630368307
"575","Pvalb","Epilepsy",0.136841845688062,0.183070037949116,0.0170277869127238,1.33782204579755,0.12443406347748,0.00440003286868209,9.98129136351056e-09,1.31275674734164e-08,0.760330608372257,0.447056990264711,0.655793158513307
"576","Pvalb","Age of smoking",0.136841845688062,0.165988055627454,0.0112279248152254,1.21299193819581,0.082050375444512,0.0101264001112581,7.30772141722154e-10,7.8227792653332e-10,0.934159225175361,0.350221765267226,0.621059930407213
"577","Pvalb","Cigarettes per day",0.136841845688062,0.153395343631263,0.0134598445154641,1.1209680990487,0.0983605888080938,0.217414864333909,-1.45484030689122e-09,1.90023763350217e-09,-0.76560966967585,0.443908589141307,0.654225456167469
"578","Pvalb","Drinks per week",0.136841845688062,0.170677487765475,0.0114681283417599,1.24726093036295,0.0838057122373378,0.00304068251265837,6.22636936193461e-10,7.57963933649238e-10,0.821459845979424,0.411384387017758,0.642955021788988
"579","Pvalb","Smoking cessation",0.136841845688062,0.149444737374538,0.0123459463800814,1.09209822933261,0.0902205485318039,0.313459985565443,-1.08487223206897e-09,1.36850157467718e-09,-0.792744599015084,0.427926640204008,0.646993402217665
"580","Pvalb","Smoking initiation",0.136841845688062,0.152439722022257,0.0088456159276611,1.11398469712073,0.0646411620888624,0.080059447191602,6.43259138806336e-10,8.25574158557978e-10,0.77916578679002,0.435882061188408,0.650229575284385
"581","Pvalb","Height",0.136841845688062,0.180710043763325,0.0143976423500037,1.32057590172573,0.105213739829437,0.00343034066437979,4.24548029748441e-10,1.08053415358744e-08,0.0392905701628141,0.968658724732563,0.985643568806722
"583","Pvalb","Intelligence",0.136841845688062,0.149963090187627,0.00718954332688109,1.09588619938287,0.0525390701267654,0.0672736642811953,-1.68787273965578e-09,1.99632486408912e-09,-0.84549001518644,0.397837305169699,0.640621836126079
"584","Pvalb","Depression",0.136841845688062,0.172057155388221,0.00967893750423067,1.25734313596175,0.0707308313152566,0.000385497373581857,2.70674418986668e-09,9.88764833267215e-10,2.73750046401092,0.00619080327401796,0.0714092635722557
"592","Pvalb","Type 2 Diabetes",0.136841845688062,0.139860881062704,0.0297497643204641,1.02206222343364,0.217402536270084,0.919123365149735,-3.39232314799111e-09,4.13969235998922e-09,-0.819462620164349,0.412522520245566,0.642955021788988
"593","Pvalb","Parkinson Disease",0.136841845688062,0.143284738408465,0.0293433229649247,1.04708276688324,0.214432382268611,0.825219300463155,-4.04683264519758e-09,2.48944173720577e-09,-1.62559845635908,0.104035103814462,0.325149414524274
"594","Pvalb","PTSD",0.136841845688062,0.153539616608692,0.0555528234134919,1.12202240357597,0.40596371039987,0.763146424773653,1.07726763389629e-09,2.82343360723487e-09,0.381545233128862,0.702798713765428,0.834231556605172
"596","Pvalb","Schizophrenia",0.136841845688062,0.172180736490615,0.00888692069295826,1.25824623034616,0.0649430051770602,7.99865472078874e-05,7.0746823741278e-09,5.18414679942526e-09,1.36467631952709,0.172354805621845,0.409342663351883
"599","Pvalb","Education Years",0.136841845688062,0.147402693630851,0.00715651853482168,1.07717557366819,0.0522977346500817,0.140323710343688,-1.00705343999414e-09,1.51818230157842e-09,-0.663328401962752,0.507120250178725,0.697087950799932
"600","Pvalb","Neuroticism",0.136841845688062,0.160145477483346,0.00864303384950597,1.17029609384549,0.0631607517864691,0.00736209577961352,1.95736766366893e-09,1.49571840084301e-09,1.30864717754741,0.190653892286247,0.444859082001244
"601","Lamp5","ADHD",0.138971465112741,0.139458017529797,0.0104559277031311,1.00350109583044,0.0752379468306582,0.962889573137392,-2.64192942280348e-09,2.59385794063039e-09,-1.01853281223312,0.308424815622556,0.575053745015887
"605","Lamp5","Alzheimer Disease",0.138971465112741,0.233986297659252,0.0461053751174915,1.68370030113326,0.331761452468595,0.0296160365387465,1.04582793126209e-09,1.31316866567552e-09,0.796415539449451,0.425790549092174,0.646993402217665
"606","Lamp5","Anorexia",0.138971465112741,0.155224053666774,0.0148090085272676,1.11694910563725,0.106561505379927,0.274558075505029,4.00029084728896e-09,5.13351911618425e-09,0.779249235612545,0.435832912015696,0.650229575284385
"608","Lamp5","Autism",0.138971465112741,0.159070998145155,0.0203353633669828,1.14463064785356,0.146327617331268,0.322269869715672,1.76285734983492e-09,5.74821878272409e-09,0.306678888968713,0.759087800120122,0.866467328332532
"609","Lamp5","BMI",0.138971465112741,0.154210581150306,0.00820793076728592,1.10965643936475,0.0590619862906909,0.0623006254142673,-2.47276884933232e-09,2.45199041748071e-09,-1.00847410809744,0.313226911543983,0.57859971160208
"610","Lamp5","Bipolar",0.138971465112741,0.186134899918917,0.0117167501127722,1.33937495562787,0.0843104741197555,9.99386511296375e-05,5.300603779781e-09,3.18871886658731e-09,1.66229887348267,0.0964528635721182,0.312883679392481
"615","Lamp5","Epilepsy",0.138971465112741,0.181603632550579,0.0182748001477537,1.30676921627942,0.13150037767054,0.0156810058487599,7.6464535719565e-09,1.45410609046408e-08,0.525852523560789,0.598990677771775,0.773453981977146
"616","Lamp5","Age of smoking",0.138971465112741,0.150821216132836,0.0113205136766014,1.08526751164696,0.0814592669611539,0.296263167839403,-5.41321623436857e-10,7.97460646338e-10,-0.678806692120354,0.497260352993202,0.695248679800584
"617","Lamp5","Cigarettes per day",0.138971465112741,0.166946473260582,0.014958715694505,1.20130037576524,0.10763875650566,0.0673202672828803,1.2635823709412e-10,1.85219324172023e-09,0.0682208714770844,0.945609812639238,0.973335043233582
"618","Lamp5","Drinks per week",0.138971465112741,0.173198469600946,0.0125833394501825,1.2462880020761,0.0905462098998113,0.00599273881407889,7.21740746548162e-10,7.61498921152755e-10,0.947789585119297,0.343236583614755,0.615735603509984
"619","Lamp5","Smoking cessation",0.138971465112741,0.153418279344424,0.0138611181115481,1.10395525599419,0.099740749658955,0.303793627932814,-9.62747446003662e-10,1.40324374742087e-09,-0.68608710908078,0.492658179379076,0.69455483074263
"620","Lamp5","Smoking initiation",0.138971465112741,0.150280246325955,0.00870434567749134,1.08137484341869,0.0626340498780087,0.197733185006887,2.95027789726464e-10,8.10213889843397e-10,0.364135684940539,0.715756690626135,0.837498297829408
"621","Lamp5","Height",0.138971465112741,0.170870861582188,0.0104253565152558,1.22953918233192,0.0750179650678523,0.00211793273100567,-9.16411846591269e-09,8.61904329886438e-09,-1.06324079693626,0.287672765632402,0.554499678682746
"623","Lamp5","Intelligence",0.138971465112741,0.163939282453535,0.00839140212743413,1.17966146734179,0.0603821951551464,0.00322877790242538,1.87825205009644e-09,2.16922269951675e-09,0.865864095242444,0.386564694925497,0.640621836126079
"624","Lamp5","Depression",0.138971465112741,0.173955358619633,0.0106060848648278,1.25173436488212,0.0763184359913284,0.00124382917021701,2.56082547049807e-09,1.07080501114254e-09,2.39149559803207,0.0167798851789729,0.117935319691843
"632","Lamp5","Type 2 Diabetes",0.138971465112741,0.185558220880914,0.0306239926205382,1.33522533370703,0.22036173106252,0.122465039241046,3.07291295607968e-09,4.06968813562674e-09,0.755073325933474,0.450204986919791,0.657991903959694
"633","Lamp5","Parkinson Disease",0.138971465112741,0.157981606064976,0.0266638823293529,1.13679168552202,0.191865879140886,0.478528034001672,-2.75725762474619e-09,2.26433465034663e-09,-1.21768998426275,0.223341804582102,0.481840093426522
"634","Lamp5","PTSD",0.138971465112741,0.00252107346827368,0.0832152632195682,0.0181409432952906,0.598793882989287,0.0435855006163721,-6.97048478213018e-09,3.20405667418742e-09,-2.1755185662869,0.0295912783491391,0.15742560081742
"636","Lamp5","Schizophrenia",0.138971465112741,0.17862079056336,0.0100243789492165,1.28530551518942,0.0721326420577359,0.000104943097638106,1.01404872984399e-08,5.53547493423301e-09,1.83190917110439,0.0669649539645866,0.252110396595057
"639","Lamp5","Education Years",0.138971465112741,0.163854074718893,0.00742935952161156,1.17904833618877,0.0534596042114436,0.0011776721012617,2.16960852749666e-09,1.50725537124516e-09,1.43944322169131,0.150024985905915,0.391241629911504
"640","Lamp5","Neuroticism",0.138971465112741,0.159037263779773,0.00833693620974888,1.14438790474544,0.0599902735643287,0.0166282565592393,1.34644497650986e-09,1.42523638874765e-09,0.94471695161599,0.344803400335731,0.615735603509984
"641","Oligo","ADHD",0.132463166978099,0.129401876882453,0.0107142170675963,0.9768894994323,0.0808845002880512,0.774954262260387,-2.30117865923477e-09,2.7388164774004e-09,-0.840209148083911,0.400791130080372,0.640621836126079
"645","Oligo","Alzheimer Disease",0.132463166978099,0.29150000024778,0.0379475133027892,2.20061173908045,0.286475962854363,1.39410288927876e-05,1.63848874922993e-09,9.91568148668051e-10,1.6524217235405,0.0984486100830448,0.316782221154313
"646","Oligo","Anorexia",0.132463166978099,0.122635380247106,0.0151374371408875,0.925807400236639,0.114276575792501,0.513842039762538,-5.86507074054665e-09,5.61110277572181e-09,-1.04526168473044,0.295902040973489,0.562213877849629
"648","Oligo","Autism",0.132463166978099,0.133127494992531,0.017129298235454,1.00501519048342,0.129313669801402,0.969077481599415,-1.31282878549146e-09,5.45938822254348e-09,-0.240471776685598,0.809964540358801,0.902074825471088
"649","Oligo","BMI",0.132463166978099,0.151159637281081,0.00719494454767622,1.14114467236068,0.0543165674792132,0.009081107745846,-2.70119865291801e-09,2.14226609052347e-09,-1.26090716035091,0.207342298108383,0.467398739803643
"650","Oligo","Bipolar",0.132463166978099,0.149072034420571,0.0092893226199428,1.12538479806403,0.0701275896678406,0.0759337796267846,-5.71439231725597e-09,2.78125203456471e-09,-2.05461146499452,0.0399165474003932,0.181992743032719
"655","Oligo","Epilepsy",0.132463166978099,0.197824770024421,0.0199873671629494,1.49343228413925,0.150889999227136,0.0032727001947122,2.02114645856445e-08,2.10771587076311e-08,0.958927380393397,0.337595330173049,0.609691237542479
"656","Oligo","Age of smoking",0.132463166978099,0.13609662575298,0.0125874699645341,1.02742995549458,0.0950261891791795,0.773078658361,-8.7205170019866e-10,9.78075029377791e-10,-0.891600004095209,0.372607367967617,0.640621836126079
"657","Oligo","Cigarettes per day",0.132463166978099,0.161041262432008,0.016421135921826,1.21574371280609,0.123967562428437,0.0824105747672157,-3.08648177092388e-10,2.01880887187175e-09,-0.152886279326791,0.878487956211665,0.939723041631245
"658","Oligo","Drinks per week",0.132463166978099,0.160361415522161,0.0109708532302046,1.21061136601599,0.0828219155595038,0.0121810915409491,8.28396110395239e-11,7.19994209902356e-10,0.115055940589798,0.908400782223638,0.946349639966662
"659","Oligo","Smoking cessation",0.132463166978099,0.134358329010166,0.00857964421809614,1.01430708683253,0.0647700369380014,0.824669507555003,-2.07195179541762e-09,1.02732307936714e-09,-2.01684536932043,0.0437116526519493,0.195271928557159
"660","Oligo","Smoking initiation",0.132463166978099,0.129350384173918,0.00792810680568,0.976500767155174,0.0598514061421375,0.694408594661865,-5.90980879453934e-10,8.11211878349167e-10,-0.728516057551564,0.466297742723214,0.674104345458559
"661","Oligo","Height",0.132463166978099,0.196889736733339,0.0116405265279406,1.48637346686639,0.0878774590212322,7.02541969197687e-08,-1.03023078526416e-08,9.58686215424458e-09,-1.07462772353311,0.282541434533045,0.552617805777867
"663","Oligo","Intelligence",0.132463166978099,0.140523863966844,0.00718075836088896,1.06085236502066,0.0542094721476513,0.261692553868678,-3.35592454860538e-09,2.08613618282064e-09,-1.60867951778099,0.107686436716276,0.32712716448103
"664","Oligo","Depression",0.132463166978099,0.127125342572123,0.00829903466410683,0.959703330912669,0.0626516401006699,0.52049585349631,-4.03229274957767e-10,8.80273493516132e-10,-0.458072721634639,0.646900196020757,0.801593721156155
"672","Oligo","Type 2 Diabetes",0.132463166978099,0.174177044308515,0.0295629568782037,1.31490925577306,0.223178696030206,0.139978130494737,-1.56654881002349e-09,4.16300957951535e-09,-0.37630199501147,0.706692396322176,0.834231556605172
"673","Oligo","Parkinson Disease",0.132463166978099,0.200617343371871,0.0294545249138277,1.51451416985251,0.22236011402851,0.0158715227769974,2.90318931318895e-10,2.67301992726264e-09,0.108610836888224,0.913511165013053,0.94672975283171
"674","Oligo","PTSD",0.132463166978099,0.0166779095763442,0.0776708417681,0.125906015663219,0.586358030990921,0.0702270013318223,-5.18179365093602e-09,3.31566114816263e-09,-1.56282364794952,0.118094080334044,0.336568128952026
"676","Oligo","Schizophrenia",0.132463166978099,0.158904554895788,0.00924869547186769,1.19961313413305,0.0698208844228887,0.00472229048954011,8.18249720482148e-10,5.56054689470568e-09,0.14715274162353,0.883011461149719,0.939826232306467
"679","Oligo","Education Years",0.132463166978099,0.144192323480004,0.00654937168802862,1.08854655048255,0.0494429646930565,0.0731926868374103,-3.95206174507698e-10,1.36096405025628e-09,-0.290386931552878,0.771520240303243,0.874535726934642
"680","Oligo","Neuroticism",0.132463166978099,0.128987336432585,0.00720580117836696,0.973760022315571,0.0543985270981655,0.629975954739458,-1.68508673890696e-09,1.31553195588721e-09,-1.28091661427602,0.200222956462085,0.456508340733554
"681","L6_CT","ADHD",0.153697460510615,0.164699858002763,0.0122181222110321,1.07158477085825,0.0794946264592848,0.368526942328618,1.37045407788916e-09,2.76974194196617e-09,0.49479486053358,0.620744932600955,0.786276914627877
"685","L6_CT","Alzheimer Disease",0.153697460510615,0.240523541887122,0.0377793238160223,1.56491552357503,0.245803175215201,0.0160307809622545,1.11990442038887e-09,1.1104230307079e-09,1.00853853839372,0.313195996277989,0.57859971160208
"686","L6_CT","Anorexia",0.153697460510615,0.114637263982181,0.0151454860081964,0.745863097551067,0.0985408994909864,0.00728955287031055,-1.2017838403024e-08,5.00744327255262e-09,-2.39999491734586,0.0163952994978848,0.117935319691843
"688","L6_CT","Autism",0.153697460510615,0.159433506668049,0.0211326083995154,1.03732037041066,0.137494844282452,0.787354840672729,-7.40898169181058e-10,5.37356092578971e-09,-0.137878434694062,0.890336494229965,0.942292470020572
"689","L6_CT","BMI",0.153697460510615,0.196233995551534,0.00972666302480388,1.27675496328699,0.0632844745286607,4.306285985259e-05,7.25872899057702e-09,3.22815055475447e-09,2.2485720128159,0.0245397386915074,0.142013697615894
"690","L6_CT","Bipolar",0.153697460510615,0.189285639207877,0.0110842768573558,1.23154695320944,0.0721175016199454,0.00174199856265402,2.96657450516143e-09,2.9068939561453e-09,1.02053069355694,0.307476840067337,0.575053745015887
"695","L6_CT","Epilepsy",0.153697460510615,0.179110909543126,0.0163576151356891,1.16534722791178,0.10642736113756,0.104612185817127,-1.96643534093157e-09,1.24368208252357e-08,-0.158113988177867,0.874366978292199,0.937829097684375
"696","L6_CT","Age of smoking",0.153697460510615,0.172872590949623,0.0137085132793707,1.12475892819116,0.0891915405357263,0.162713526810765,3.13355217616685e-10,8.93721652998483e-10,0.350618357030247,0.725874682879237,0.846853796692444
"697","L6_CT","Cigarettes per day",0.153697460510615,0.190491502734672,0.0140577730432087,1.23939264905106,0.0914639252757057,0.00814215349686548,1.91762796101288e-09,1.60573954690241e-09,1.19423350113792,0.232386641809485,0.490594021597802
"698","L6_CT","Drinks per week",0.153697460510615,0.174701892815775,0.0110425143655925,1.13666089365028,0.0718457828054345,0.0593319568349074,3.53631502366485e-10,6.82372355762919e-10,0.518238318683222,0.604292002535686,0.777782287134641
"699","L6_CT","Smoking cessation",0.153697460510615,0.179043885377907,0.0119367664321642,1.16491114936503,0.077664044627073,0.0385755114903692,8.22196310181455e-10,1.19091180287783e-09,0.690392276064963,0.489947532711279,0.69455483074263
"700","L6_CT","Smoking initiation",0.153697460510615,0.158789163932138,0.00887333080859703,1.03312809076095,0.0577324490536014,0.564652288961684,1.09410300945564e-10,7.72420096492533e-10,0.141646108694456,0.887359544617834,0.94163951676201
"701","L6_CT","Height",0.153697460510615,0.153407154634413,0.00926538116549031,0.998111186253581,0.0602832417315729,0.975008435472538,-2.24123015404736e-08,6.79843442253649e-09,-3.29668569960428,0.000978329155431472,0.0349753775485043
"703","L6_CT","Intelligence",0.153697460510615,0.189330578329707,0.00764166029418532,1.23183934009521,0.0497188455085602,5.30947460710531e-06,5.91783481143036e-09,1.87564694566503e-09,3.15508994115742,0.00160448634693558,0.0400118782767061
"704","L6_CT","Depression",0.153697460510615,0.164376045745865,0.0114170294347338,1.06947795493675,0.0742824858446198,0.350411239342746,3.9834322128796e-10,1.0392813776775e-09,0.383287173083138,0.701506848815944,0.834231556605172
"712","L6_CT","Type 2 Diabetes",0.153697460510615,0.212326807669237,0.0331408633114011,1.38145943962797,0.21562401357381,0.0792352805231196,6.31103283658997e-09,4.15656697120062e-09,1.51832819736019,0.128931682696431,0.362279868985043
"713","L6_CT","Parkinson Disease",0.153697460510615,0.2263308627666,0.0471588735029516,1.4725738604573,0.306829230270167,0.139006416791865,3.20642046786805e-09,4.19210854641422e-09,0.764870573451804,0.444348618098707,0.654225456167469
"714","L6_CT","PTSD",0.153697460510615,0.207711445064055,0.0611787844076642,1.3514305595811,0.398046813554468,0.366102956958183,2.99479366851758e-09,2.77737672924672e-09,1.07828140020811,0.280908194989318,0.552129900496246
"716","L6_CT","Schizophrenia",0.153697460510615,0.194596015487617,0.00962732358446848,1.2660977926449,0.0626381434832071,6.33916437444515e-05,1.19936921871325e-08,4.7762121141088e-09,2.51113055714243,0.0120345179564202,0.100036930512743
"719","L6_CT","Education Years",0.153697460510615,0.181925229671038,0.0078862863062356,1.18365800623279,0.0513104528860508,0.000504907469727747,3.26596803868874e-09,1.46303073849119e-09,2.23233043077202,0.0255931320620655,0.142013697615894
"720","L6_CT","Neuroticism",0.153697460510615,0.166952618947863,0.00900472179370995,1.0862418831984,0.0585873166921194,0.141897305225958,6.98247522524407e-10,1.43933271877466e-09,0.485118911990581,0.627591997526007,0.789934406980684
"721","VLMC","ADHD",0.128342491787251,0.0983941534540105,0.010189906899833,0.766652977387371,0.0793962058701837,0.0032345381690151,-8.33435852991103e-09,2.62353254985342e-09,-3.17676963084627,0.00148925281520601,0.03961412488448
"725","VLMC","Alzheimer Disease",0.128342491787251,0.240678347234186,0.0681279948658187,1.87528186403883,0.530829610030885,0.0903309133277893,-9.28912544056841e-10,2.09518813690034e-09,-0.443355194551212,0.657508838760263,0.807218543585677
"726","VLMC","Anorexia",0.128342491787251,0.114681997439249,0.015628169663142,0.893562185385597,0.121769255415799,0.375734009534001,-3.77866577915917e-09,5.76788725897624e-09,-0.655121296498756,0.512389661531872,0.697087950799932
"728","VLMC","Autism",0.128342491787251,0.0896608710362304,0.0249227976736723,0.698606282203542,0.194189759966527,0.0923400758212082,-1.23447039564172e-08,6.61286692345047e-09,-1.86677035835101,0.0619336635460765,0.242269919165535
"729","VLMC","BMI",0.128342491787251,0.133120514987028,0.00779595687741582,1.03722869279877,0.0607433810022863,0.539855075470757,-6.40155554454076e-09,2.38382571808942e-09,-2.68541256852931,0.00724403248997756,0.0802880267639179
"730","VLMC","Bipolar",0.128342491787251,0.130367252720918,0.0115638313790244,1.01577623206057,0.0901013469349913,0.861026613455144,-8.71076685592064e-09,3.39985136693779e-09,-2.56210225559547,0.0104040681254094,0.0943459814099628
"735","VLMC","Epilepsy",0.128342491787251,0.157915313307577,0.0169858729531341,1.23042112638227,0.132348006623488,0.0827113156521634,-1.15317943803826e-08,1.42652430295511e-08,-0.808384011158724,0.418869553322722,0.644089146390019
"736","VLMC","Age of smoking",0.128342491787251,0.121408326614218,0.0114710008093476,0.945971399834372,0.0893780434648462,0.546123188552038,-1.47580346803723e-09,9.06271266327499e-10,-1.62843457899494,0.103432770509831,0.325149414524274
"737","VLMC","Cigarettes per day",0.128342491787251,0.139576323255025,0.0169853747967369,1.08753010255088,0.132344125162327,0.50795540795323,-1.93893448231044e-09,2.38954442148878e-09,-0.811424330459784,0.417122031513933,0.644089146390019
"738","VLMC","Drinks per week",0.128342491787251,0.140519919736472,0.0131880713844614,1.09488227772145,0.102756859406492,0.359568772149892,-4.92920443494549e-10,8.751234903638e-10,-0.563258156045653,0.573259107019491,0.75295271489356
"739","VLMC","Smoking cessation",0.128342491787251,0.138050558761892,0.0140913028610663,1.07564187697659,0.109794524516673,0.492410480676169,-1.42277965478371e-09,1.59990132624367e-09,-0.889292127861521,0.373846101144034,0.640621836126079
"740","VLMC","Smoking initiation",0.128342491787251,0.0964823444544263,0.00753394763379015,0.751756827461021,0.0587018962221716,2.97394401076194e-05,-2.36669116214142e-09,7.77954481122569e-10,-3.04219748014864,0.00234857758574239,0.0493408493549997
"741","VLMC","Height",0.128342491787251,0.253444347231207,0.0150661798511242,1.97475009018317,0.117390426516721,4.47574591097576e-13,3.95479948618354e-08,1.30091176414673e-08,3.04002131057481,0.00236561409478018,0.0493408493549997
"743","VLMC","Intelligence",0.128342491787251,0.111309497385191,0.00758316082518042,0.867284839456794,0.0590853482707095,0.0264153371605672,-8.22432308713843e-09,2.10950370293486e-09,-3.89870047428515,9.67103142724357e-05,0.00643123589911698
"744","VLMC","Depression",0.128342491787251,0.10634167355586,0.00811437222888149,0.828577286251685,0.0632243625309409,0.00663922537847895,-1.27424038570173e-09,8.48017977128191e-10,-1.5026101097726,0.132939614834749,0.370929414818636
"752","VLMC","Type 2 Diabetes",0.128342491787251,0.19511426634763,0.0315500091922382,1.52026241372237,0.245826684154906,0.039955973915473,2.58195981027387e-09,4.57200249562446e-09,0.564732808598613,0.572255515045502,0.75295271489356
"753","VLMC","Parkinson Disease",0.128342491787251,0.200814210032357,0.0300323866006265,1.5646743898758,0.234001897441808,0.0146333922611957,1.02728209657091e-09,3.14272583973936e-09,0.326876141590545,0.743761566968213,0.85769036190843
"754","VLMC","PTSD",0.128342491787251,0.093098305948791,0.0615391996729675,0.725389577935861,0.47949201247377,0.5513143519254,-6.54939100402497e-10,3.27442075436029e-09,-0.200016781450694,0.841467456616443,0.919200843224236
"756","VLMC","Schizophrenia",0.128342491787251,0.120040844332875,0.00932618933540023,0.935316454131668,0.0726664194027018,0.371238665887935,-1.54012056903096e-08,5.41473935230624e-09,-2.84431155190322,0.00445075049253185,0.0600607112390482
"759","VLMC","Education Years",0.128342491787251,0.1159731403947,0.00609625599950827,0.903622321646553,0.0474999036921755,0.0423812713199518,-4.04302876855375e-09,1.25043518955693e-09,-3.23329733705458,0.00122370125957591,0.0349753775485043
"760","VLMC","Neuroticism",0.128342491787251,0.123098568578365,0.00786523742973554,0.959141176582588,0.0612831909386133,0.505796529886751,-4.96452461833219e-10,1.45706828095462e-09,-0.340720107851062,0.733314299623298,0.853039083235265
