"","cell","trait","Prop._SNPs","Prop._h2","Prop._h2_std_error","Enrichment","Enrichment_std_error","Enrichment_p","Coefficient","Coefficient_std_error","Coefficient_z.score","p_zcore","FDR"
"1","L6_IT","ADHD",0.156649235492628,0.175386319955861,0.0121643326628428,1.11961171980386,0.07765331649777,0.124279420817069,-1.03771605966518e-10,2.70675614138142e-09,-0.0383379959428324,0.969418196660815,0.984447356477083
"5","L6_IT","Alzheimer Disease",0.156649235492628,0.236406201391622,0.0271862695156876,1.50914366513297,0.173548689402745,0.00204803890953247,7.12552497901019e-10,7.43231370798091e-10,0.958722311648216,0.337698655380671,0.59903329321295
"6","L6_IT","Anorexia",0.156649235492628,0.147789240641025,0.0143011155041154,0.943440548409059,0.0912938735969025,0.531240810802095,-5.26154207028514e-09,4.78249818758882e-09,-1.10016603538701,0.271259786157911,0.526124750075508
"7","L6_IT","Autism",0.156649235492628,0.202886620272189,0.0221159884856159,1.29516508417136,0.141181592211835,0.0398576967278934,7.76488776818163e-09,5.5271922513821e-09,1.40485212292733,0.160065255914037,0.397734334121884
"8","L6_IT","BMI",0.156649235492628,0.199276446447654,0.00827460164103417,1.27211885727353,0.0528224833974601,4.67930306329817e-07,4.1735405016657e-09,2.23554937413168e-09,1.86689703656702,0.0619159677914183,0.245647002604054
"9","L6_IT","Bipolar",0.156649235492628,0.220060936336915,0.0130925130475221,1.40480057655482,0.0835785314007372,5.11641476658405e-06,7.75435546400724e-09,3.25440279241785e-09,2.38272763349191,0.0171849036723886,0.123801448905167
"14","L6_IT","Epilepsy",0.156649235492628,0.229061816589367,0.0192862389095459,1.46225939672809,0.123117350996925,5.63293771964094e-05,3.13570237247015e-08,1.38156634401799e-08,2.26967194593829,0.0232274947818847,0.145905899369722
"15","L6_IT","Age of smoking",0.156649235492628,0.200817353883069,0.015245457893548,1.28195553110452,0.0973222617116793,0.00470783017108103,1.44089211477476e-09,9.79595237832476e-10,1.4709055935827,0.141316649742144,0.37507351397727
"16","L6_IT","Cigarettes per day",0.156649235492628,0.211640829832338,0.0139582587813466,1.35104923536188,0.0891051829104108,0.000358249468646585,2.92099348474159e-09,1.47506578781025e-09,1.98024624317119,0.0476758659974145,0.209373793498395
"17","L6_IT","Drinks per week",0.156649235492628,0.211252684695021,0.0124016722340234,1.34857143752203,0.0791684185053496,1.37224617683423e-05,1.76797261911786e-09,7.0365670295763e-10,2.51254995751006,0.0119862132914619,0.103614264356498
"18","L6_IT","Smoking cessation",0.156649235492628,0.204193684635296,0.0122061603212473,1.30350897655613,0.0779203312602295,0.000318492703537103,1.91590999260562e-09,1.18810016625128e-09,1.6125828840263,0.106835159502311,0.32832596245529
"19","L6_IT","Smoking initiation",0.156649235492628,0.180475321629168,0.00960457449406238,1.15209832375888,0.0613126164571315,0.0124248457268143,6.96099595313231e-10,8.10091121671608e-10,0.859285550342586,0.39018299420945,0.625906451680735
"20","L6_IT","Height",0.156649235492628,0.156174360762987,0.00961950762059026,0.996968547416478,0.0614079448925427,0.960646367889115,-2.74383435255515e-08,7.19660554926734e-09,-3.81267853819568,0.00013746885951416,0.00693235820121408
"21","L6b","ADHD",0.160797422112042,0.174982877702931,0.0122766721044148,1.08821942170817,0.0763486873306995,0.249219753351303,1.01573862360811e-09,2.66365034348592e-09,0.3813333180506,0.702955933797987,0.823308303305995
"24","L6b","Alzheimer Disease",0.160797422112042,0.207258061432765,0.0219084760907379,1.28893895629962,0.136248926151765,0.030165424207074,3.62755435283333e-11,6.50845989210171e-10,0.0557359868996891,0.955552130648253,0.97770986121401
"25","L6b","Anorexia",0.160797422112042,0.137090896270142,0.0157304971220177,0.852568993143549,0.0978280429835302,0.124125482707177,-7.85424439074073e-09,4.97424835402776e-09,-1.57898115086694,0.114340380570999,0.333571523483989
"26","L6b","BMI",0.160797422112042,0.193125740994794,0.00766623978917882,1.20104998238234,0.0476763849101825,3.13459144243746e-05,3.02702478661191e-09,2.0985018683924e-09,1.44246942650131,0.149169990522368,0.389403088417807
"27","L6b","Bipolar",0.160797422112042,0.203378955136053,0.0109518159215213,1.26481477417182,0.0681093998751433,0.000174414594709569,3.79183581843665e-09,2.76397123821735e-09,1.37187962233726,0.170100915030642,0.402922161486901
"32","L6b","Epilepsy",0.160797422112042,0.203138769269763,0.0186909896240698,1.26332105702676,0.116239361169896,0.0172763716956265,1.16385860917025e-08,1.35972973391091e-08,0.855948487515028,0.39202627325619,0.625906451680735
"33","L6b","Age of smoking",0.160797422112042,0.177321217851966,0.0134310291485512,1.10276157119242,0.083527639760248,0.216959849566884,-5.34208760786261e-11,8.34217527273979e-10,-0.0640371058292105,0.948940681247622,0.973767617675613
"34","L6b","Cigarettes per day",0.160797422112042,0.21802361551951,0.0204370186133765,1.35588999286066,0.127097924487472,0.00903604592998901,3.71549709529671e-09,2.11288385501294e-09,1.75849566292131,0.0786632088827484,0.280485987228386
"35","L6b","Drinks per week",0.160797422112042,0.184195340967773,0.0120445675522495,1.14551177841288,0.0749052279199909,0.0495506570585999,3.3893373060481e-10,6.81828038010743e-10,0.497095618997513,0.619121623897143,0.768852495467246
"36","L6b","Smoking cessation",0.160797422112042,0.190196680069268,0.0123986520896573,1.182834137333,0.0771072814899857,0.023458197613728,7.3412757827142e-10,1.12393781174318e-09,0.653174553432649,0.513643753220967,0.684212244856609
"37","L6b","Smoking initiation",0.160797422112042,0.171910302851648,0.00883270870816449,1.06911106281208,0.0549306611520795,0.20429913315343,2.84132126265921e-10,7.32277143878876e-10,0.38801173659589,0.698007348179435,0.823308303305995
"38","L6b","Height",0.160797422112042,0.164951975670678,0.0104687047407252,1.02583719007473,0.0651049289423974,0.691042259716684,-1.90073229307628e-08,7.45776990712577e-09,-2.54866041289389,0.0108137541643013,0.100454084736799
"39","L6b","Depression",0.160797422112042,0.18046914010279,0.0108612180082664,1.12233851595606,0.0675459709839029,0.0703959006566721,7.81840762993723e-10,9.27716433976151e-10,0.842758341191379,0.399363611037142,0.625906451680735
"41","L6b","Type 2 Diabetes",0.160797422112042,0.155010616444506,0.0302435292508181,0.96401182561556,0.188084664875689,0.846825075486151,-2.52227647020207e-09,3.56696553193005e-09,-0.70712106624627,0.479491245593944,0.677041638778649
"42","L6b","Parkinson Disease",0.160797422112042,0.191214249287391,0.0349539936894713,1.1891624055649,0.217379067589253,0.380734940281542,-4.53689972783448e-10,2.8185044742667e-09,-0.160968335131519,0.872118340281028,0.938150587651011
"43","L6b","PTSD",0.160797422112042,0.198713705238267,0.0600133722362244,1.23580156092183,0.373223472416166,0.531845925595516,2.24033406009859e-09,2.58935384298315e-09,0.865209699388765,0.386923702695521,0.625906451680735
"46","L6b","Neuroticism",0.160797422112042,0.197370599329035,0.00862524620816745,1.22744877832375,0.053640450791291,3.25738166130537e-05,3.66904298405255e-09,1.29361132887539e-09,2.83627926113035,0.00456425172443961,0.0604655799174531
"47","Sncg","ADHD",0.147201240564125,0.173718664815159,0.0119365940857701,1.18014402697566,0.081090309022023,0.0281694179458304,4.15552486920652e-09,2.87121634068444e-09,1.4473046876767,0.14781160680731,0.389384307484929
"51","Sncg","Alzheimer Disease",0.147201240564125,0.229789526989494,0.039767628049479,1.56105699998766,0.270158239815615,0.0327648903765533,8.30955552344739e-10,1.14666322041081e-09,0.724672717807269,0.468652836079452,0.667074399742124
"52","Sncg","Anorexia",0.147201240564125,0.12970468540982,0.0156055374872657,0.881138534653292,0.106014986201611,0.261213087561105,-7.31153351527427e-09,5.24572131076354e-09,-1.39380898872228,0.163375293052899,0.397734334121884
"53","Sncg","Autism",0.147201240564125,0.208724555464725,0.0228350915003476,1.41795377990581,0.155128390309999,0.00868634595253255,1.27332574169566e-08,6.32347121906637e-09,2.01364993621915,0.0440462996745106,0.199337740834644
"54","Sncg","BMI",0.147201240564125,0.186226365109214,0.0104988151983044,1.26511410091064,0.0713228717235629,0.000364885163201467,4.32741992453101e-09,3.32275357282615e-09,1.30235957307251,0.192793495564114,0.439071638284724
"55","Sncg","Bipolar",0.147201240564125,0.190317674565534,0.0113297350711908,1.29290808851999,0.0769676602437001,0.00019231485188819,3.85387696757482e-09,2.99854576437084e-09,1.28524867399629,0.198705399573249,0.446770739167879
"60","Sncg","Epilepsy",0.147201240564125,0.212564685632068,0.0192518952509618,1.44404140085673,0.1307862296349,0.0005451658915151,2.87069883333648e-08,1.55155969084889e-08,1.85020199368924,0.0642844417307343,0.252137865899436
"61","Sncg","Age of smoking",0.147201240564125,0.188248488449391,0.013634058404608,1.27885123608985,0.0926218987853476,0.00265294569168412,1.41365774333075e-09,8.84009975966494e-10,1.59914229676559,0.109788988311961,0.32832596245529
"62","Sncg","Cigarettes per day",0.147201240564125,0.183218264730995,0.0114058769021525,1.24467880860814,0.077484923757716,0.00179259772871914,1.05110932621004e-09,1.35420092317878e-09,0.776184174902731,0.437640248548162,0.64210162106794
"63","Sncg","Drinks per week",0.147201240564125,0.177150192886469,0.0111482897470656,1.20345584186362,0.0757350257670493,0.00904201960045698,3.47286941307792e-10,6.89326207740757e-10,0.503806379922813,0.614397443969061,0.768852495467246
"64","Sncg","Smoking cessation",0.147201240564125,0.170336939818315,0.0105209607666897,1.15717054534001,0.0714733158930578,0.030213474041423,7.01124442780861e-11,1.08764190865439e-09,0.0644628013321294,0.948601725717099,0.973767617675613
"65","Sncg","Smoking initiation",0.147201240564125,0.170588969050933,0.0089227634689875,1.15888268602342,0.0606160887964832,0.0106349501873694,1.16897316230994e-09,7.85615531878697e-10,1.48797104292795,0.136758530386375,0.372005465073452
"66","Sncg","Height",0.147201240564125,0.163105525950176,0.00996474994366027,1.10804450645321,0.067694741603209,0.109210130106466,-1.81484868200192e-08,7.97002268555443e-09,-2.27709349597124,0.0227806430117961,0.145905899369722
"68","Sncg","Intelligence",0.147201240564125,0.178030236783843,0.00774238021316577,1.2094343505637,0.0525972483893093,7.6385790334527e-05,3.38006007623817e-09,1.9429023449928e-09,1.73969632851038,0.081912354373817,0.286287733603539
"69","Sncg","Depression",0.147201240564125,0.184733274764122,0.010908327365203,1.25497090959398,0.0741048602810586,0.000851706870739067,2.63968786940479e-09,1.04308438391687e-09,2.53065610999998,0.0113849409456253,0.103048311636044
"74","Sncg","Type 2 Diabetes",0.147201240564125,0.154776808070383,0.0305283105491771,1.05146401944186,0.207391666212746,0.804046194918993,-2.0035859058261e-09,4.02850609419193e-09,-0.497352085110347,0.618940788102436,0.768852495467246
"75","Sncg","Parkinson Disease",0.147201240564125,0.136569111912245,0.0243900077182089,0.92777147386031,0.165691590809548,0.656946270597387,-4.85552497943622e-09,2.2263672219243e-09,-2.18091828321093,0.0291894611513444,0.163214394644509
"76","Sncg","PTSD",0.147201240564125,0.0736071063721617,0.0676993026872463,0.500044062740737,0.459909865078579,0.242012671161545,-3.50049901659504e-09,2.91897425031218e-09,-1.19922230085472,0.230441518050965,0.475706759485325
"78","Sncg","Schizophrenia",0.147201240564125,0.181834072229723,0.0090512093859741,1.23527540619136,0.0614886759872865,0.000190991881981794,6.74046078956177e-09,4.81069700116487e-09,1.40114016491366,0.161172162889602,0.397734334121884
"81","Sncg","Education Years",0.147201240564125,0.168615045494758,0.00757488462103106,1.14547299226941,0.0514593803150131,0.00540065354651181,1.17311394676255e-09,1.45380014985143e-09,0.806929306536689,0.419707213186406,0.635865434569963
"82","Sncg","Neuroticism",0.147201240564125,0.171716584100828,0.0100862584550168,1.16654304979192,0.0685202000768661,0.0174444174064255,1.88680104598401e-09,1.59069168005564e-09,1.1861513262696,0.235562544149265,0.483069897931574
"86","Astro","Autism",0.130165291682373,0.139336317084498,0.020246186856876,1.07045676526815,0.155542131048885,0.654710582023762,-7.00850434413602e-10,5.69846915866934e-09,-0.122989247620541,0.90211561247812,0.946650611051313
"87","Astro","BMI",0.130165291682373,0.143544619012394,0.00670047624281796,1.10278721122271,0.0514766736678804,0.0449889369555212,-5.28656951090272e-09,2.14627931272248e-09,-2.46313211871613,0.013772915388944,0.110496343915846
"88","Astro","Bipolar",0.130165291682373,0.143395404993102,0.0095186112635665,1.10164086861967,0.0731271073919896,0.169583693764016,-6.03470996700888e-09,2.83987528229615e-09,-2.12499119402511,0.03358734769167,0.169556943498227
"93","Astro","Epilepsy",0.130165291682373,0.14539211324632,0.0190317632338408,1.11698065872356,0.146212273547405,0.420482805532084,-2.89376174447684e-08,1.71224755351169e-08,-1.69003701511615,0.0910208733697487,0.300283815883376
"94","Astro","Age of smoking",0.130165291682373,0.133692725957101,0.0132499447024863,1.02709965328804,0.101793224070966,0.790679815784725,-1.44677127901361e-09,9.7810565336643e-10,-1.47915644289974,0.139098507822124,0.372005465073452
"95","Astro","Cigarettes per day",0.130165291682373,0.166671656643328,0.018499091612805,1.28046159225024,0.142120002757311,0.0623540727365636,4.61815426968831e-10,2.16918870813399e-09,0.212897764605321,0.831406706002709,0.908627143092744
"96","Astro","Drinks per week",0.130165291682373,0.150415088492175,0.0127364816854468,1.15556986465498,0.0978485241405686,0.121872627023145,-6.97313081510157e-10,8.27217861246874e-10,-0.84296182925631,0.399249792040322,0.625906451680735
"97","Astro","Smoking cessation",0.130165291682373,0.174335582937343,0.012507840165802,1.33934000903062,0.0960919766255623,0.00115247473305213,1.97416789730966e-09,1.29990291306889e-09,1.51870411048539,0.128836991496808,0.363835663986987
"98","Astro","Smoking initiation",0.130165291682373,0.121538837006056,0.00875337036657509,0.933726920864841,0.0672481139437304,0.322451234010236,-1.5501034051597e-09,8.78982437740162e-10,-1.76352033738577,0.0778127702822073,0.280284774587951
"99","Astro","Height",0.130165291682373,0.209873959696506,0.0142268218057431,1.61236499364698,0.109298121041815,4.22255018470439e-07,4.57407882273594e-09,1.11146508318743e-08,0.411535989022573,0.680679557485647,0.811756364163626
"100","Astro","Intelligence",0.130165291682373,0.136302687040718,0.00737694875662135,1.04715078250907,0.056673700502454,0.405547376014165,-4.4261191835064e-09,2.09960906446693e-09,-2.1080682391844,0.0350250872412994,0.17172021939137
"101","Astro","Depression",0.130165291682373,0.128318823769723,0.00888618978788176,0.985814437252939,0.0682685043995116,0.835340401194564,-5.18759456308749e-10,8.86395118367787e-10,-0.585246292041856,0.558382122253587,0.725144006511102
"103","Astro","Type 2 Diabetes",0.130165291682373,0.219355143267531,0.0310679666993882,1.68520456131116,0.238680882575056,0.00363093157207208,5.26362505340068e-09,4.38578360550752e-09,1.20015612416235,0.230078711852844,0.475706759485325
"104","Astro","Parkinson Disease",0.130165291682373,0.173331369932885,0.0275541836118709,1.33162510291795,0.211686105072527,0.101898655407445,-1.65713003203806e-09,2.46173773148229e-09,-0.673154581353493,0.500848952713403,0.684212244856609
"105","Astro","PTSD",0.130165291682373,0.100079899906196,0.0574739000191334,0.768867788122888,0.441545509377265,0.578718210809825,-1.06630386353585e-09,2.90164637984131e-09,-0.367482361373808,0.713259246482663,0.825509881994688
"107","Astro","Schizophrenia",0.130165291682373,0.14897656835313,0.00950682004366344,1.14451837680863,0.0730365208788672,0.0498266443498376,-3.04463755480852e-09,5.66002636330648e-09,-0.537919323935781,0.590632746928277,0.751116113810237
"110","Astro","Education Years",0.130165291682373,0.138518070935157,0.00736838196052141,1.06417055687293,0.0566078857526908,0.258550293071481,-1.72660244600205e-09,1.52424935493479e-09,-1.13275589746004,0.257316776687439,0.507445933914335
"111","Astro","Neuroticism",0.130165291682373,0.141130326594985,0.00893886641989481,1.08423931426643,0.0686731947077513,0.221225198659608,-5.44380696569655e-11,1.60250541441347e-09,-0.0339705995170633,0.972900595350531,0.984447356477083
"112","L2_3_IT","Alzheimer Disease",0.146435114379603,0.207549230890651,0.0214114221567293,1.41734604961363,0.146217812902611,0.00436863899719365,2.61050248409531e-11,7.79729646065411e-10,0.0334795848441591,0.973292145638816,0.984447356477083
"113","L2_3_IT","Anorexia",0.146435114379603,0.127877634805664,0.0139197829258989,0.873271655828173,0.0950576846603522,0.173313930619954,-5.35275818619949e-09,4.69519374479019e-09,-1.14005054469561,0.254265244024593,0.504547343657116
"114","L2_3_IT","Autism",0.146435114379603,0.142018873146719,0.0201403591526023,0.969841651358048,0.13753777048579,0.824023023187961,-4.23407428510942e-09,5.03776705773021e-09,-0.840466467899194,0.400646894987251,0.625906451680735
"115","L2_3_IT","BMI",0.146435114379603,0.173513742637164,0.00731060887812571,1.18491895453003,0.0499238786345634,0.000241138305646408,2.12246234881552e-09,2.17721569070172e-09,0.974851668523223,0.329633843248527,0.596721777778103
"116","L2_3_IT","Bipolar",0.146435114379603,0.200106638447184,0.0122361488189615,1.36652086007491,0.0835602093855833,3.46108496450259e-05,7.84429723263532e-09,3.25817575499006e-09,2.40757338538947,0.0160589343526457,0.123234865793129
"120","L2_3_IT","Epilepsy",0.146435114379603,0.217707026430204,0.0209482521847342,1.48671326104095,0.143054842231558,0.000189641481362907,3.65126192590816e-08,1.52771810639002e-08,2.39001024510736,0.0168479028131437,0.123801448905167
"121","L2_3_IT","Age of smoking",0.146435114379603,0.170389559521889,0.0129626619522328,1.1635840231612,0.0885215408008609,0.0625191765057244,7.17571725639875e-10,8.44548011122674e-10,0.849651785558045,0.395518711598887,0.625906451680735
"122","L2_3_IT","Cigarettes per day",0.146435114379603,0.193813637029539,0.0227280420542111,1.32354618528939,0.155208961665392,0.0463502712664273,2.89809547555267e-09,2.48048466068744e-09,1.16835855568222,0.242662164904973,0.492297380525607
"123","L2_3_IT","Drinks per week",0.146435114379603,0.184859230485241,0.0104264678200589,1.26239687296608,0.0712019645303821,0.000253518198302843,1.33207838136422e-09,6.22801427306978e-10,2.13884927516012,0.0324478772734988,0.169556943498227
"124","L2_3_IT","Smoking cessation",0.146435114379603,0.186182479789383,0.0132499709784179,1.27143329370265,0.0904835635534114,0.00467591110164711,1.95365320329375e-09,1.31958326696746e-09,1.4805077119411,0.138737804171166,0.372005465073452
"125","L2_3_IT","Smoking initiation",0.146435114379603,0.161189719086816,0.00886747962251605,1.10075865184197,0.0605556915776972,0.095065117190284,9.1662420716761e-10,8.17611437426065e-10,1.12110003017234,0.262245285848013,0.514292143913048
"126","L2_3_IT","Height",0.146435114379603,0.151309371422704,0.0107074596579734,1.03328612173215,0.073120847437019,0.648554016650034,-2.0245822734245e-08,8.15771169625804e-09,-2.48180169734753,0.0130719999406886,0.10986704712055
"128","L2_3_IT","Intelligence",0.146435114379603,0.178000154193974,0.00840606026229136,1.21555649372831,0.0574046757699139,0.000237516693853091,4.73260413118105e-09,2.11914188021389e-09,2.23326440545046,0.0255315133270582,0.145905899369722
"129","L2_3_IT","Depression",0.146435114379603,0.170870962190085,0.0110629119906814,1.16687150424274,0.0755482183187504,0.0295852112221526,1.67072381910905e-09,1.061727723174e-09,1.573589709153,0.115582333887737,0.33443085133091
"134","L2_3_IT","Parkinson Disease",0.146435114379603,0.231512906595139,0.032116645682467,1.58099310794397,0.219323389874994,0.00664675199237639,4.11532426007687e-09,2.59580081076193e-09,1.58537752319637,0.112880584879023,0.33205705385246
"135","L2_3_IT","Schizophrenia",0.146435114379603,0.17773953100741,0.0106199122254111,1.21377670759116,0.0725229892461529,0.0041110956263885,7.08510642566696e-09,5.64484571277633e-09,1.25514616097138,0.209425705821302,0.457166588008306
"138","L2_3_IT","Education Years",0.146435114379603,0.177634263554696,0.00697256124830266,1.21305784003566,0.0476153638274746,1.89294075779195e-05,3.79629333589231e-09,1.35140839256677e-09,2.80913849342159,0.00496742724534317,0.0604655799174531
"139","L2_3_IT","Neuroticism",0.146435114379603,0.168582462925725,0.00782620311198593,1.15124342709706,0.0534448526580729,0.0045445631375205,2.12906668534713e-09,1.25317167855644e-09,1.69894254855779,0.0893300090343875,0.300041588545845
"140","L5_ET","ADHD",0.150465538664545,0.159981732256669,0.0119267664362824,1.06324500398287,0.0792657677109207,0.424676929161233,1.5092674824938e-09,2.81254734385586e-09,0.5366194051065,0.59153053722166,0.751116113810237
"144","L5_ET","Alzheimer Disease",0.150465538664545,0.205065584446848,0.0236196335013193,1.36287409241282,0.156977030826827,0.0243380494940252,-3.79057429187787e-10,8.3701393531482e-10,-0.452868719617213,0.650643276435362,0.791989919247183
"145","L5_ET","Anorexia",0.150465538664545,0.133529339944445,0.0176547063630855,0.887441344573537,0.117333886016557,0.329276238890633,-4.02753528572542e-09,5.89359390975854e-09,-0.68337509292194,0.494369854463508,0.684212244856609
"146","L5_ET","Autism",0.150465538664545,0.167059080972663,0.0208430200981506,1.11028134718018,0.138523546874205,0.439591860239065,3.37850985313201e-09,5.51307163568327e-09,0.612818057952424,0.53999664928596,0.70862013828232
"147","L5_ET","BMI",0.150465538664545,0.173897258379693,0.00817260284449522,1.15572814827313,0.0543154460285795,0.00416569984323008,1.68403244543521e-09,2.4594849505235e-09,0.684709392133816,0.49352732114285,0.684212244856609
"148","L5_ET","Bipolar",0.150465538664545,0.185753401476602,0.0107351127239699,1.23452455044028,0.071345989382348,0.00163369221958175,3.22390201140772e-09,2.89371383033017e-09,1.11410533329755,0.265234000911978,0.517279570839382
"153","L5_ET","Epilepsy",0.150465538664545,0.188325316088645,0.0176082664909085,1.2516175980236,0.117025244764951,0.0305254612270317,9.48662986059939e-09,1.45080826774517e-08,0.653885842223892,0.513185355910105,0.684212244856609
"154","L5_ET","Age of smoking",0.150465538664545,0.166931386973135,0.0141071292401062,1.10943268774188,0.0937565462850418,0.241307000131031,3.19099641088485e-10,9.68940602312218e-10,0.329328382283709,0.741907493576706,0.848807838183204
"155","L5_ET","Cigarettes per day",0.150465538664545,0.16014992152107,0.0133563028171341,1.06436279657441,0.0887665237879573,0.457167838096282,-1.16688555945523e-09,1.86933878513659e-09,-0.624223692748113,0.532480689150028,0.703991323108464
"156","L5_ET","Drinks per week",0.150465538664545,0.178526411113147,0.0116840142972243,1.18649368285693,0.0776524272662408,0.0168379230050477,8.29779384988304e-10,6.79230384963572e-10,1.2216464447962,0.221841356913208,0.469426054738194
"157","L5_ET","Smoking cessation",0.150465538664545,0.168339358273624,0.0104681616477349,1.11879012143058,0.0695718218313973,0.0895174635431508,-8.28503843203407e-11,1.12448050102029e-09,-0.0736788092325003,0.941265960733343,0.973767617675613
"158","L5_ET","Smoking initiation",0.150465538664545,0.151679817287194,0.00998792268250174,1.00807014438938,0.0663801344224693,0.903229245145786,1.16745270332346e-10,8.71200303023676e-10,0.134005084625382,0.893398553752601,0.944220627169666
"159","L5_ET","Height",0.150465538664545,0.159146326855011,0.0096850394432405,1.05769286620386,0.0643671602760336,0.367642662451765,-2.01941570089599e-08,7.67277361741397e-09,-2.63192399722671,0.00849028536201365,0.0936584603997131
"161","L5_ET","Intelligence",0.150465538664545,0.159483747694689,0.00802335283498665,1.0599353786268,0.0533235244840634,0.26298195877645,-4.55490717798644e-10,1.99476500501601e-09,-0.228343046250196,0.819379562292341,0.900100312215907
"162","L5_ET","Depression",0.150465538664545,0.163174215108661,0.0103207615111994,1.0844623729587,0.0685921946167951,0.221771249686249,9.59891332349324e-10,9.41417697725425e-10,1.01962320728464,0.307907194269439,0.567051874556363
"167","L5_ET","Type 2 Diabetes",0.150465538664545,0.201090569417589,0.0304693924837351,1.33645598322623,0.202500803533924,0.103566024852875,4.88680779926544e-09,4.05636341497135e-09,1.2047263273377,0.228308969014234,0.475706759485325
"168","L5_ET","Parkinson Disease",0.150465538664545,0.216761737617572,0.0335694868666772,1.44060719511882,0.223104155041897,0.051385286831706,2.46546356017419e-09,2.9724908049942e-09,0.829426807992768,0.406862937175395,0.625906451680735
"169","L5_ET","PTSD",0.150465538664545,0.0581057841715099,0.0748166223059396,0.386173370242961,0.497234270185543,0.161049700510197,-4.02794002643538e-09,2.98967205745175e-09,-1.34728490250151,0.177888492609253,0.413122617704383
"171","L5_ET","Schizophrenia",0.150465538664545,0.176394934722639,0.00915528205226209,1.17232780534487,0.0608463714251096,0.00501099943865397,5.67669997814511e-09,4.52650146058328e-09,1.25410320256775,0.209804496479733,0.457166588008306
"174","L5_ET","Education Years",0.150465538664545,0.165851850439193,0.00713768050497584,1.10225804467394,0.0474373106847338,0.0332871034466654,1.20827376116397e-09,1.31305693360274e-09,0.920199063911671,0.357468743408002,0.618561109916787
"175","L5_ET","Neuroticism",0.150465538664545,0.177239898761038,0.00966050689555334,1.17794347020672,0.0642041159809419,0.00619515024837557,3.41000987938022e-09,1.51877555565885e-09,2.24523621457743,0.0247529723937732,0.145905899369722
"176","Micro.PVM","ADHD",0.119269256196656,0.0898780092373419,0.0109267276375759,0.753572312794066,0.0916139496968061,0.0066873195412118,-4.30177720176568e-09,3.38136549823709e-09,-1.27220118736305,0.203301645871911,0.451355226369714
"179","Micro.PVM","Alzheimer Disease",0.119269256196656,0.389869695402198,0.05701009577121,3.26881970957684,0.477994896498806,7.74900265381159e-07,5.34731859586496e-09,1.79437300644468e-09,2.98004850533279,0.00288202743660506,0.0484455088153136
"180","Micro.PVM","Anorexia",0.119269256196656,0.102097565061537,0.0136462988149993,0.856025838655309,0.114415896016814,0.203811453020126,1.55124527674086e-10,5.81850716415677e-09,0.0266605373676749,0.978730488553768,0.987119607027086
"181","Micro.PVM","Autism",0.119269256196656,0.108596456037838,0.0229795560474839,0.910515077404188,0.192669567835607,0.620761208073768,8.77106877684684e-10,6.85092600248865e-09,0.12802749254131,0.898127216170054,0.946384797934415
"182","Micro.PVM","BMI",0.119269256196656,0.116260292970245,0.00786691812568459,0.974771677778811,0.0659593123706021,0.702217828884887,-3.67958489496031e-09,2.6706504614881e-09,-1.37778602929192,0.168269360680435,0.402922161486901
"183","Micro.PVM","Bipolar",0.119269256196656,0.111079415732807,0.0102754637911663,0.931333180695405,0.0861534993915253,0.421057967880979,-9.12579704268898e-09,3.24235181747862e-09,-2.81456102126066,0.00488439035619436,0.0604655799174531
"188","Micro.PVM","Drinks per week",0.119269256196656,0.106010869132683,0.0109786160698336,0.888836507522849,0.0920490025671964,0.222781999770619,-1.59261133835928e-09,8.03478433466597e-10,-1.98214572043705,0.047462933685235,0.209373793498395
"189","Micro.PVM","Smoking initiation",0.119269256196656,0.0911642882765207,0.00716065034518971,0.76435697834994,0.0600376876114911,9.87026469056261e-05,-1.67835629156694e-10,8.48375647951888e-10,-0.197831738289372,0.843176713333325,0.918646233971185
"190","Micro.PVM","Height",0.119269256196656,0.180605374141658,0.0107501506120206,1.51426595504099,0.0901334589887549,1.5346204834211e-08,-1.34986750415038e-08,9.56758949360845e-09,-1.41087523148035,0.158281406605957,0.397734334121884
"191","Micro.PVM","Depression",0.119269256196656,0.0814496901121764,0.00822871795265946,0.682905995304264,0.0689927833463775,4.22710700401474e-06,-1.81764773747129e-09,9.38498186048593e-10,-1.93676212111206,0.0527744281810503,0.224450278890491
"196","Micro.PVM","Type 2 Diabetes",0.119269256196656,0.124634664978732,0.0316717751319339,1.04498568158445,0.265548525595835,0.86561719607667,-4.29817621707615e-09,4.96132959943333e-09,-0.866335551979268,0.386306175320047,0.625906451680735
"197","Micro.PVM","Parkinson Disease",0.119269256196656,0.204539407438695,0.0429867601742208,1.71493823271139,0.360417776927715,0.0543489450878972,2.04798724533773e-09,4.94918012415726e-09,0.413803335898279,0.679018140714114,0.811756364163626
"198","Micro.PVM","PTSD",0.119269256196656,0.042460939727832,0.0641167416075086,0.356009093054297,0.537579789227414,0.184783161642549,-2.1209969811695e-09,3.32032563901297e-09,-0.638791857114354,0.522958346253192,0.694001113636755
"200","Micro.PVM","Schizophrenia",0.119269256196656,0.100882392943235,0.00795632758151106,0.845837361280228,0.0667089561487024,0.0203524894363931,-1.463798918719e-08,4.51581392567002e-09,-3.24149520510152,0.00118904434389934,0.0309431285078058
"203","Micro.PVM","Education Years",0.119269256196656,0.100318829016212,0.00688560509018579,0.841112221332234,0.0577316008312531,0.00601168721738824,-2.61918217513216e-09,1.47040582021127e-09,-1.78126483119867,0.0748691969454537,0.275300276268179
"204","Micro.PVM","Neuroticism",0.119269256196656,0.0936037172340374,0.00723684175575488,0.784810102946396,0.060676506138535,0.000446141591936443,-1.9513459062684e-09,1.37171575565319e-09,-1.42255849889192,0.154864181943537,0.397734334121884
"205","L5_6_NP","ADHD",0.142679468875096,0.16327562442636,0.0124965625356616,1.14435262279603,0.0875848686162499,0.101654922395743,3.75806534391762e-09,3.08667684881884e-09,1.21751175389665,0.223409567127526,0.469426054738194
"209","L5_6_NP","Alzheimer Disease",0.142679468875096,0.288369033812749,0.0547548910330585,2.02109691104325,0.383761528303639,0.00512605757561703,3.17136492600847e-09,1.65627999868537e-09,1.91475168964527,0.0555241781535996,0.230588645743773
"210","L5_6_NP","Anorexia",0.142679468875096,0.124830657521399,0.0148610703118851,0.874902734819382,0.104157034148303,0.222559301102221,-6.85965683835461e-09,4.99485130369886e-09,-1.37334555550729,0.169644946697756,0.402922161486901
"211","L5_6_NP","Autism",0.142679468875096,0.111969982592819,0.0209232500296483,0.784765905533609,0.146645135383598,0.100459713893704,-1.14468641242158e-08,4.92215665320492e-09,-2.32557899528909,0.0200410212035731,0.136047701631948
"212","L5_6_NP","BMI",0.142679468875096,0.170899342515392,0.00934090795792623,1.19778510435163,0.0654677791526081,0.00341603374777219,2.40802021153022e-09,3.21155421841018e-09,0.749799021833817,0.453375757973855,0.653231194141921
"213","L5_6_NP","Bipolar",0.142679468875096,0.17621729688496,0.0104173921036159,1.23505714083659,0.0730125517409616,0.00177924653877022,2.55788364314106e-09,2.82840161873549e-09,0.904356590025085,0.365806348618876,0.625906451680735
"218","L5_6_NP","Epilepsy",0.142679468875096,0.200561508164052,0.0186602222316442,1.40567882502861,0.130784214286498,0.00110596366516234,2.56032638436911e-08,1.48673476460587e-08,1.72211375244719,0.0850489143285794,0.294335948607731
"219","L5_6_NP","Age of smoking",0.142679468875096,0.162826944114164,0.0125056188963428,1.1412079495243,0.0876483420841048,0.110383353628028,1.57591714678331e-10,8.82245625872831e-10,0.178625668472338,0.858231638108714,0.929312172553301
"220","L5_6_NP","Cigarettes per day",0.142679468875096,0.194343014735482,0.0207806035737835,1.36209516525193,0.14564536676244,0.01802279765613,3.32966586429418e-09,2.4370005527411e-09,1.36629672100362,0.171845849786153,0.402922161486901
"221","L5_6_NP","Drinks per week",0.142679468875096,0.18383796558254,0.0111882980520045,1.28846825007089,0.078415613263874,0.00046053770600496,1.47134290652042e-09,7.14661668601217e-10,2.05879645035423,0.0395137418644648,0.18643393251438
"222","L5_6_NP","Smoking cessation",0.142679468875096,0.183996478476731,0.0132713303850721,1.28957922206596,0.0930149971099909,0.00367758366216076,2.52767705518963e-09,1.3798641483928e-09,1.83183037122441,0.0669766968398075,0.254223376176904
"223","L5_6_NP","Smoking initiation",0.142679468875096,0.15217006631392,0.00826729905902391,1.0665169103421,0.0579431583549083,0.250731802851957,3.73789616719281e-10,7.35003131736916e-10,0.508555134773321,0.611064083597094,0.767635663735852
"224","L5_6_NP","Height",0.142679468875096,0.153604284884122,0.0105509271760003,1.07656894222524,0.0739484612550438,0.299813168525245,-1.6839158833119e-08,7.89210123651419e-09,-2.13367243126706,0.0328696043103701,0.169556943498227
"226","L5_6_NP","Intelligence",0.142679468875096,0.171897542417841,0.00848421147370837,1.204781204844,0.0594634360542481,0.000711760768318778,4.00054454873448e-09,2.21105602339775e-09,1.80933658233897,0.0703987289675843,0.261586856058497
"227","L5_6_NP","Depression",0.142679468875096,0.156223215020806,0.00958805532359268,1.09492428204626,0.0671999650628515,0.1618817930174,7.58398544149151e-10,9.07593214474719e-10,0.835615044332481,0.403371502489187,0.625906451680735
"232","L5_6_NP","Type 2 Diabetes",0.142679468875096,0.160061392453109,0.0265957341672658,1.12182498095244,0.186401970633547,0.512600743728318,3.80173278941436e-10,3.42525000119509e-09,0.110991395900676,0.911623169651759,0.948439533087023
"233","L5_6_NP","Parkinson Disease",0.142679468875096,0.163637539771152,0.0298843103642783,1.14688918497729,0.209450670092131,0.484549530156618,-1.7508981510527e-09,2.65637764639927e-09,-0.659129982299787,0.509812303975489,0.684212244856609
"234","L5_6_NP","PTSD",0.142679468875096,0.188579540426284,0.0663626334404185,1.32170060565175,0.465116908295428,0.480465114536257,2.51481107273218e-09,3.13856749398484e-09,0.801260790966546,0.422980684644267,0.638086246493274
"236","L5_6_NP","Schizophrenia",0.142679468875096,0.167247406079012,0.00780679614353425,1.17218971585479,0.0547156238040698,0.00189260059368408,3.73571784630496e-09,4.5023493538333e-09,0.82972633901107,0.406693526130585,0.625906451680735
"239","L5_6_NP","Education Years",0.142679468875096,0.166919807890823,0.00796923779452665,1.16989367290782,0.055854131343193,0.00278859719385896,2.34955127648625e-09,1.58124344672937e-09,1.48588838824663,0.137308645483969,0.372005465073452
"240","L5_6_NP","Neuroticism",0.142679468875096,0.162937488239581,0.00956852601795475,1.14198272200059,0.067063089689037,0.0368756821797993,1.8235792973538e-09,1.54127725119133e-09,1.18316110611784,0.236745304085445,0.483069897931574
"241","Sst","ADHD",0.146380091522471,0.177630186155467,0.0116445330501318,1.21348596184065,0.0795499779308736,0.00876073997869394,4.66411221476607e-09,2.87484152194161e-09,1.62238933143557,0.104720012028859,0.327134196868915
"245","Sst","Alzheimer Disease",0.146380091522471,0.220410216671217,0.0319704506373949,1.50573902761485,0.218407095561128,0.0133318397748863,4.75688795072155e-10,8.48158014191479e-10,0.56084926053032,0.57490030203834,0.736139751998081
"246","Sst","Anorexia",0.146380091522471,0.132546072208186,0.0145790609152513,0.905492480771119,0.0995972933451352,0.342136680891089,-7.99496081439157e-09,5.01209142347766e-09,-1.59513467311102,0.110682123320622,0.32832596245529
"247","Sst","Autism",0.146380091522471,0.173002346268436,0.0198464382432454,1.18187073439477,0.13558154006345,0.16474584409109,3.02220006111233e-09,5.39800000931916e-09,0.55987403777228,0.575565358502749,0.736139751998081
"248","Sst","BMI",0.146380091522471,0.168337249398472,0.00861237101653594,1.15000098474888,0.0588356717567284,0.0103659115692049,-1.12955743816144e-09,2.3262283411149e-09,-0.485574618018829,0.62726879607171,0.774216381165433
"249","Sst","Bipolar",0.146380091522471,0.193625613223094,0.0111592167510085,1.322759203176,0.0762345250296244,3.54840860248446e-05,4.78593775048087e-09,2.92732436508911e-09,1.63491883836221,0.10206606279064,0.327134196868915
"253","Sst","Epilepsy",0.146380091522471,0.19796333857617,0.019670973607538,1.35239250445325,0.13438284812466,0.00652727416040762,1.6310553757737e-08,1.5309701643937e-08,1.06537371772992,0.286706845369215,0.545959603592658
"254","Sst","Age of smoking",0.146380091522471,0.175678148148602,0.0121927317894916,1.20015055545742,0.0832950141148116,0.0165032234332016,5.37492679721496e-10,8.20418906065085e-10,0.655144190057043,0.51237492300759,0.684212244856609
"255","Sst","Cigarettes per day",0.146380091522471,0.19445699835224,0.023039458609792,1.32843883570321,0.157394754779581,0.0448484454052297,2.25104652209563e-09,2.61023191063473e-09,0.862393304182783,0.388471123917581,0.625906451680735
"256","Sst","Drinks per week",0.146380091522471,0.205265242951186,0.013199714419019,1.40227568391482,0.0901742462498236,1.28637905781588e-05,2.17640536838818e-09,7.69390561563859e-10,2.828739364783,0.00467317399275746,0.0604655799174531
"257","Sst","Smoking cessation",0.146380091522471,0.171943707817183,0.0120813257694215,1.17463861395925,0.0825339405363527,0.0382563131014902,-8.66471536222738e-12,1.27317800440854e-09,-0.00680558047046425,0.994569974331458,0.995937859213672
"258","Sst","Smoking initiation",0.146380091522471,0.167417130193358,0.00975639875236202,1.14371516271158,0.0666511316592825,0.0335460918226343,6.58187415253764e-10,8.4934023482305e-10,0.774939639343578,0.438375327697942,0.64210162106794
"259","Sst","Height",0.146380091522471,0.158757916513051,0.00991271748683245,1.08455948388774,0.067719027797648,0.208534417182005,-1.69944970341537e-08,7.53881894699913e-09,-2.25426517782583,0.0241794906098082,0.145905899369722
"261","Sst","Intelligence",0.146380091522471,0.180154578987232,0.00920806496746917,1.23073142743306,0.0629051729077218,0.000331002929380727,3.16476533123504e-09,2.3789972845791e-09,1.33029379720161,0.18342149007709,0.423188143772633
"262","Sst","Depression",0.146380091522471,0.187583094607491,0.0110832592014069,1.2814795554264,0.0757156187438609,0.000350647026959778,2.61953450661789e-09,1.06019784324748e-09,2.47079780750545,0.0134812017349351,0.110496343915846
"264","Sst","Type 2 Diabetes",0.146380091522471,0.191547034159632,0.0271182322893107,1.30855932775686,0.185259019906732,0.0902165992755084,3.84805449311124e-09,3.51157386275252e-09,1.09582046213744,0.273157351954558,0.526910083278465
"265","Sst","Schizophrenia",0.146380091522471,0.17966919349021,0.009090932690087,1.22741550180428,0.0621049802301255,0.000389075443834845,4.30964786485539e-09,4.89603898812404e-09,0.880231524975392,0.378733898781888,0.625906451680735
"266","OPC","ADHD",0.15991521111918,0.171656782139504,0.0120519661690428,1.07342372835048,0.0753647266241659,0.330325839477109,7.43975384490141e-10,2.65051099260834e-09,0.280691303135477,0.778947179793351,0.872915411006517
"270","OPC","Alzheimer Disease",0.15991521111918,0.229823402915871,0.0279161323016744,1.43715786201595,0.174568335971925,0.016961773476605,-2.58461238595388e-10,1.0845624105759e-09,-0.238309235204036,0.811641259007832,0.895341763843014
"271","OPC","Anorexia",0.15991521111918,0.181575999367568,0.0159034037452289,1.1354517065437,0.0994489744529464,0.178631617929194,5.75896424715213e-09,5.05312015403583e-09,1.13968480297318,0.254417640710954,0.504547343657116
"272","OPC","Autism",0.15991521111918,0.187348464870269,0.0211841868711764,1.17154874485732,0.13247136856411,0.218427125063203,4.57934103475118e-09,5.25774824544026e-09,0.870970008638694,0.38377052898795,0.625906451680735
"273","OPC","BMI",0.15991521111918,0.168239899555027,0.00752236789439146,1.05205688925767,0.0470397271263036,0.265251385481619,-3.7065589044846e-09,1.97818513904474e-09,-1.87371688894321,0.0609694568544014,0.245647002604054
"274","OPC","Bipolar",0.15991521111918,0.167175750231585,0.00999991580378426,1.04540242958497,0.062532611712163,0.46902858465445,-5.08621884917984e-09,2.47827987846662e-09,-2.052318179788,0.0401387503430393,0.18643393251438
"279","OPC","Epilepsy",0.15991521111918,0.161129001964901,0.0156266721706922,1.00759021507226,0.0977184850729809,0.937917659125074,-2.40337847729093e-08,1.13428676714015e-08,-2.11884555732807,0.0341035212135243,0.169556943498227
"280","OPC","Age of smoking",0.15991521111918,0.173978774535295,0.0139981733769687,1.08794387549308,0.0875349710574832,0.319799985315692,-4.00339529334523e-10,8.68902852988086e-10,-0.460741414253376,0.644984138533689,0.790158370918084
"281","OPC","Cigarettes per day",0.15991521111918,0.19003484579896,0.0170303446652667,1.18834752784919,0.106496089684517,0.0931869238425232,6.72294928742912e-10,1.7773127888458e-09,0.378264834958795,0.70523386570943,0.823308303305995
"282","OPC","Drinks per week",0.15991521111918,0.149741470214315,0.0106003026188504,0.936380405380682,0.0662870188812141,0.334893006163151,-1.81596451436786e-09,6.16337948107449e-10,-2.94637790832777,0.00321519319105564,0.0493462259322888
"283","OPC","Smoking cessation",0.15991521111918,0.199141265637436,0.0101112366701177,1.24529282889182,0.0632287360242552,0.000219639751985711,1.83992519389894e-09,9.83122572469997e-10,1.87151149350209,0.0612742182957189,0.245647002604054
"284","OPC","Smoking initiation",0.15991521111918,0.177935460906425,0.0108640902893013,1.11268627706601,0.0679365659668524,0.100070096660032,8.88648704915267e-10,8.65370717492031e-10,1.02689943968834,0.304467818184139,0.565669156942111
"285","OPC","Height",0.15991521111918,0.24360246607362,0.0149587603431844,1.52332266811111,0.093541822810315,2.63809231991527e-07,2.58704468032002e-08,1.00952943812477e-08,2.56262431051592,0.0103884391168998,0.0992604337370373
"287","OPC","Intelligence",0.15991521111918,0.167860720418552,0.00842337066353792,1.04968576312262,0.0526739801960443,0.344665860365057,-2.35037275295608e-09,2.02670150587456e-09,-1.15970346207536,0.246169560142453,0.496559169887348
"288","OPC","Depression",0.15991521111918,0.168915743071921,0.00980469810074712,1.0562831508632,0.0613118541515101,0.359349645423625,1.23387547646953e-10,8.40554138283878e-10,0.146793099964825,0.883295331115288,0.939166421336435
"293","OPC","Type 2 Diabetes",0.15991521111918,0.161930918654336,0.0320822004258975,1.0126048517902,0.200620067355491,0.949702980122192,-3.2531180261572e-09,3.71112207062788e-09,-0.876586100981261,0.380711491251329,0.625906451680735
"294","OPC","Parkinson Disease",0.15991521111918,0.247978738992822,0.0340136073027318,1.55068887604451,0.212697760673827,0.00729610120024556,3.63291293285252e-09,2.5912758462261e-09,1.40197846483363,0.160921677559782,0.397734334121884
"295","OPC","PTSD",0.15991521111918,0.1532321480487,0.067318413100727,0.958208709329728,0.420963163101205,0.921029450025765,5.64686652376402e-10,2.96432047008188e-09,0.190494468488019,0.848921677334571,0.922059544920319
"297","OPC","Schizophrenia",0.15991521111918,0.180985634075912,0.00914239248748298,1.1317599671055,0.0571702493058614,0.0227940002473582,-7.76079329398105e-10,4.50788665304642e-09,-0.172160346772169,0.863311471057491,0.931953973343408
"300","OPC","Education Years",0.15991521111918,0.169785922208752,0.00835565830515172,1.06172465408695,0.0522505535694444,0.239705702326811,-9.24289931846259e-10,1.4929212272573e-09,-0.619115004174941,0.535840599603093,0.70579004350706
"301","OPC","Neuroticism",0.15991521111918,0.175418075289129,0.00924425516572194,1.09694427479069,0.0578072285996138,0.0953468202424273,7.87267360775255e-10,1.3393539931046e-09,0.58779632929632,0.556669008172557,0.725144006511102
"302","L6_IT_Car3","ADHD",0.142208419537207,0.158702234637212,0.0118546194804482,1.11598339362522,0.0833608834063902,0.166221474984763,2.13546304061152e-09,2.90746293239983e-09,0.734476445706188,0.46265841060189,0.663896011961249
"305","L6_IT_Car3","Alzheimer Disease",0.142208419537207,0.20496602593309,0.0219217990378348,1.44130724889649,0.154152610015465,0.00531644330648984,-3.9575828805794e-10,9.48182551596989e-10,-0.41738617462574,0.676395965700095,0.811756364163626
"306","L6_IT_Car3","Anorexia",0.142208419537207,0.130904575019041,0.0161761620421644,0.920512128923498,0.113749678779969,0.48169630022624,-4.01855284048625e-09,5.56958995252678e-09,-0.721516821658144,0.470591594779464,0.667143907458437
"307","L6_IT_Car3","Autism",0.142208419537207,0.185730696872355,0.0212624429519297,1.30604571428881,0.149516062558916,0.0466966324477038,9.0532105028772e-09,5.66545700388608e-09,1.5979665006137,0.110050432656005,0.32832596245529
"308","L6_IT_Car3","BMI",0.142208419537207,0.159995928972182,0.00744040597674024,1.12508056479961,0.0523204322286525,0.0163378546620574,-1.496530550014e-09,2.16985921785971e-09,-0.689690159479626,0.490389055511658,0.684212244856609
"309","L6_IT_Car3","Bipolar",0.142208419537207,0.19470154715614,0.0118190766832965,1.36912812750301,0.0831109488577376,2.30304787333836e-05,7.05055572170402e-09,3.12465443486814e-09,2.25642734858185,0.0240438804855253,0.145905899369722
"314","L6_IT_Car3","Epilepsy",0.142208419537207,0.1942127488323,0.0198595947423065,1.36569093070812,0.13965132871131,0.00478752457917478,1.55530555232742e-08,1.48674885165998e-08,1.04611182352076,0.295509406975476,0.552663600336568
"315","L6_IT_Car3","Age of smoking",0.142208419537207,0.162042050104208,0.0120958211308761,1.13946875038444,0.0850569971190164,0.103664811206735,3.56936910483643e-10,8.04833660155304e-10,0.443491528938745,0.657410245085633,0.794865137268388
"316","L6_IT_Car3","Cigarettes per day",0.142208419537207,0.190415261524704,0.014236106667258,1.33898725648156,0.100107340434462,0.00190753574005006,2.93851992108922e-09,1.5294664119272e-09,1.92127129969892,0.0546975134381482,0.229859788615075
"317","L6_IT_Car3","Drinks per week",0.142208419537207,0.1727133494068,0.0104709795198304,1.21450860623348,0.0736312206682727,0.00459379191581185,6.27570469521189e-10,6.49324628885779e-10,0.966497252072634,0.333795421295764,0.598120729529973
"318","L6_IT_Car3","Smoking cessation",0.142208419537207,0.181730942560169,0.0107871220602212,1.27791971214912,0.0758543136568565,0.000358294103857222,1.97121019245778e-09,1.17872500574858e-09,1.67232406442919,0.0944604368505759,0.308745687113457
"319","L6_IT_Car3","Smoking initiation",0.142208419537207,0.144371892893554,0.00914969698856284,1.0152133984991,0.0643400511610982,0.813052987005724,-2.75183602766029e-10,8.74216470688759e-10,-0.314777417255961,0.752930659171266,0.854612613142948
"321","L6_IT_Car3","Intelligence",0.142208419537207,0.167054035860297,0.00853279753354409,1.17471269566137,0.0600020558649944,0.0040256779451536,2.87509512575334e-09,2.22258677136556e-09,1.29358059842445,0.195810327619634,0.443083625959814
"322","L6_IT_Car3","Depression",0.142208419537207,0.163120869582661,0.0109440062483623,1.14705493608261,0.0769575126703306,0.0591278919468996,1.64615895171973e-09,1.0529116301149e-09,1.56343505441201,0.117950300389916,0.336187180305723
"324","L6_IT_Car3","Type 2 Diabetes",0.142208419537207,0.123697008738244,0.0287454676170697,0.869829009708387,0.202136186525501,0.517157309029428,-5.36306893882583e-09,3.86265696786294e-09,-1.38844038791076,0.165002985181194,0.398945573760011
"325","L6_IT_Car3","Parkinson Disease",0.142208419537207,0.276934493143548,0.0471963752089837,1.94738464884697,0.331881722352137,0.00323384560868234,8.18468419230114e-09,4.13998207269331e-09,1.9769854189191,0.048043278394816,0.209373793498395
"326","L6_IT_Car3","PTSD",0.142208419537207,0.0904754706660934,0.0614062079195715,0.636217398101534,0.431804306098101,0.363959038946061,-2.26189673239479e-09,2.71170106663623e-09,-0.834124660798468,0.404210739832793,0.625906451680735
"328","L6_IT_Car3","Schizophrenia",0.142208419537207,0.183739916816602,0.0102480427925768,1.29204668341404,0.0720635446616121,8.96717874873993e-05,1.21219699618167e-08,5.29542369195796e-09,2.28914071223915,0.0220711780126626,0.145905899369722
"331","L6_IT_Car3","Education Years",0.142208419537207,0.168721875164308,0.00782598248304452,1.18644082898456,0.0550317801752724,0.000953367172717558,3.02808087497115e-09,1.55635814389371e-09,1.94561957789193,0.0517004535040447,0.222564147401558
"332","Endo","Alzheimer Disease",0.121898275150856,0.255106729847073,0.0559432110190414,2.09278375375996,0.4589335735047,0.0119012657426882,-7.68178417388194e-10,1.62957226212164e-09,-0.471398805222699,0.637355969032198,0.78392563438455
"333","Endo","Anorexia",0.121898275150856,0.098015310161512,0.0166702441022546,0.804074627308817,0.136755373130787,0.14062141156065,-5.78081233202564e-09,6.3423622198705e-09,-0.911460451425254,0.36205281448342,0.623437285427547
"334","Endo","Autism",0.121898275150856,0.0752013773680815,0.0251221988732358,0.61691912600909,0.206091504101643,0.0306998946442029,-1.3986545719115e-08,6.47466424616104e-09,-2.16019629549253,0.0307574768262405,0.167036758764045
"335","Endo","BMI",0.121898275150856,0.112440623744603,0.00628771641094502,0.922413574806134,0.0515816684293821,0.133157673668427,-1.03002868605499e-08,2.33038711326435e-09,-4.41998962400777,9.87056404426269e-06,0.00116143636920824
"336","Endo","Bipolar",0.121898275150856,0.107384812843222,0.00889134443866674,0.88093791901754,0.0729406911431947,0.104094415442408,-1.31336331223346e-08,3.19147323974359e-09,-4.11522583325493,3.86800516059589e-05,0.00308484025495089
"341","Endo","Epilepsy",0.121898275150856,0.133767130794181,0.0155144608875542,1.0973668875022,0.127273834419348,0.440742515516018,-3.02508798172313e-08,1.42650809908515e-08,-2.12062447010514,0.0339534171964335,0.169556943498227
"342","Endo","Age of smoking",0.121898275150856,0.111698515543374,0.0121647171312526,0.916325644519096,0.0997940054213077,0.397106971414808,-1.22223980853618e-09,9.95109507680135e-10,-1.22824653880109,0.219354433190412,0.469285544946759
"343","Endo","Cigarettes per day",0.121898275150856,0.111232246155744,0.0124726219780694,0.912500574910414,0.102319921776037,0.392090700600448,-4.88679508210829e-09,2.27640941721691e-09,-2.14671185470792,0.0318162284112416,0.169556943498227
"344","Endo","Drinks per week",0.121898275150856,0.12380847559612,0.0115105739295528,1.01567044687794,0.0944277014199572,0.867922803021889,-9.80447844378716e-10,7.8516515575915e-10,-1.24871542908798,0.211769175552316,0.458616680797346
"345","Endo","Smoking cessation",0.121898275150856,0.126908002885091,0.0126458604989466,1.04109760969165,0.103741094640565,0.690991309632903,-1.53774927969183e-09,1.45888686868632e-09,-1.05405656373926,0.291857021122137,0.550938654845531
"346","Endo","Smoking initiation",0.121898275150856,0.0786250396770901,0.00768792345095574,0.645005350402107,0.0630683530299466,2.95504419185844e-08,-2.94640013859751e-09,7.97812000630369e-10,-3.69310080102768,0.000221536158062637,0.00868914042179011
"347","Endo","Height",0.121898275150856,0.219256114070568,0.017344184959459,1.79868102152575,0.142284088417121,3.51102248148311e-07,1.29681958495923e-08,1.56668796359286e-08,0.827745929690593,0.407814401944955,0.625906451680735
"349","Endo","Intelligence",0.121898275150856,0.0905374017822026,0.00741193143499032,0.742729145840313,0.0608042355465461,3.54519108820174e-05,-1.15976070420588e-08,2.2231652123586e-09,-5.21670948141309,1.8212957659231e-07,6.42917405370853e-05
"350","Endo","Depression",0.121898275150856,0.081155735574007,0.00818856059778225,0.665766069893707,0.0671753606656736,1.3187312029892e-06,-2.79714010086449e-09,9.1909583679004e-10,-3.0433606473875,0.00233951767888661,0.0439506197609276
"355","Endo","Type 2 Diabetes",0.121898275150856,0.14548183128483,0.028693510435952,1.19346915372501,0.23538897823158,0.415989012013505,-4.2766187995759e-09,4.76830037730943e-09,-0.896885359808024,0.369780092967634,0.625906451680735
"356","Endo","Parkinson Disease",0.121898275150856,0.188893761202636,0.0395354700889965,1.54960159172777,0.324331661297661,0.0971898701688617,2.1729630637846e-11,4.26810955389663e-09,0.00509116046892648,0.995937859213672,0.995937859213672
"357","Endo","PTSD",0.121898275150856,-0.0281893059378027,0.0794662621787704,-0.231252705609795,0.651906370950915,0.00953599880594119,-7.16690165683444e-09,3.19449766907168e-09,-2.24351444241846,0.0248636595935092,0.145905899369722
"359","Endo","Schizophrenia",0.121898275150856,0.0987644437864941,0.00802456473806156,0.810220191091857,0.0658300105405981,0.00453853813070167,-2.13361474340078e-08,4.75904614530611e-09,-4.48328231804431,7.35035800362329e-06,0.00116143636920824
"362","Endo","Education Years",0.121898275150856,0.0946252659831934,0.0070281515270311,0.776264191319274,0.0576558734595168,0.000119954366875571,-6.48135538760853e-09,1.58583825072871e-09,-4.08702172786555,4.36946211749417e-05,0.00308484025495089
"363","Endo","Neuroticism",0.121898275150856,0.0954911655038205,0.00641937538925916,0.783367651311267,0.05266174095831,6.35369048528247e-05,-3.49138132150108e-09,1.17957325436768e-09,-2.95986816297616,0.00307770717832454,0.0493462259322888
"364","Vip","ADHD",0.133171586263678,0.144345797045941,0.0110921946855931,1.08390837036467,0.0832925025285105,0.313776145001724,1.67584508531095e-09,2.86617492734396e-09,0.584697420008461,0.55875118915303,0.725144006511102
"368","Vip","Alzheimer Disease",0.133171586263678,0.202583982858825,0.0344280456317796,1.52122527441936,0.25852395843369,0.0352442931127784,-2.19876710734184e-11,1.02770791772836e-09,-0.0213948639434635,0.982930670608683,0.988531415170556
"369","Vip","Anorexia",0.133171586263678,0.155429927890949,0.0175303449321706,1.16714032063266,0.131637276569348,0.204808361346033,8.98317123800817e-09,6.37510366540783e-09,1.4091019863335,0.158805013605151,0.397734334121884
"370","Vip","Autism",0.133171586263678,0.17011282679009,0.0206070604381654,1.27739581364803,0.154740669660296,0.0692625032573586,7.91531636951099e-09,5.67636709789655e-09,1.39443348765166,0.163186741536802,0.397734334121884
"371","Vip","BMI",0.133171586263678,0.155494702597892,0.00797751283072864,1.16762672098847,0.0599040159732969,0.00519273829705417,1.04702497330043e-09,2.45508745078112e-09,0.426471559278796,0.669764267725154,0.80691736009208
"372","Vip","Bipolar",0.133171586263678,0.167119025583202,0.0108078658114215,1.25491503309354,0.0811574459286085,0.00166619815041872,2.70746007650592e-09,3.0115252014999e-09,0.899032847262063,0.368635164836961,0.625906451680735
"377","Vip","Epilepsy",0.133171586263678,0.170094856385321,0.0159409479228758,1.27726087191404,0.119702320668562,0.0144137283476365,4.37011882037076e-09,1.33286797404416e-08,0.32787334570813,0.743007427758102,0.848807838183204
"378","Vip","Age of smoking",0.133171586263678,0.17303807163507,0.0125401736919953,1.29936179698616,0.0941655351853051,0.00182258089341587,1.91857281352421e-09,9.34442438300836e-10,2.05317388732139,0.0400557160030176,0.18643393251438
"379","Vip","Cigarettes per day",0.133171586263678,0.153141683038673,0.0126066204532631,1.14995763987863,0.0946644911798389,0.0981351609744556,-5.83981577296462e-10,1.9218150421894e-09,-0.30386981289894,0.761227076781138,0.858508492344223
"380","Vip","Drinks per week",0.133171586263678,0.174518241612084,0.0124194799880193,1.3104765551605,0.0932592329675255,0.00115184669799824,1.40232857449686e-09,8.25262325089188e-10,1.69925190071571,0.0892717311160094,0.300041588545845
"381","Vip","Smoking cessation",0.133171586263678,0.155075911897845,0.00985584981280905,1.16448197583827,0.0740086537175776,0.0248130131040301,3.11228087036675e-10,1.15714691574622e-09,0.268961600987348,0.787959232114402,0.880220281444253
"382","Vip","Smoking initiation",0.133171586263678,0.16347695186465,0.00934910254783217,1.22756630337771,0.0702034331056256,0.00168716143792122,2.62164705956831e-09,8.98153697399072e-10,2.91892920683869,0.00351235979100246,0.0516609585926611
"383","Vip","Height",0.133171586263678,0.164470932883213,0.0107695127840911,1.23503021551131,0.0808694488535087,0.00375958021675922,-5.87962771488928e-09,8.82121183298149e-09,-0.666532878499305,0.505070555632082,0.684212244856609
"385","Vip","Intelligence",0.133171586263678,0.15478791415251,0.0084114157570056,1.16231936928372,0.0631622404823737,0.0104010982094647,2.30962997720902e-09,2.37942475693339e-09,0.970667372640807,0.331713944367801,0.597423583478744
"386","Vip","Depression",0.133171586263678,0.176515511780689,0.010694072196219,1.32547427520455,0.0803029572317696,6.60461675830346e-05,4.12086530892889e-09,1.09582298654666e-09,3.76052095960796,0.0001695598663062,0.00748182910076107
"391","Vip","Type 2 Diabetes",0.133171586263678,0.127791035871395,0.0248075897444949,0.959596858885273,0.186282903436895,0.828692840020476,-3.16970531791943e-09,3.59222450003456e-09,-0.882379516616777,0.377571608802547,0.625906451680735
"392","Vip","Parkinson Disease",0.133171586263678,0.136583898276718,0.0252526402470217,1.02562342395084,0.189624836314721,0.89233344104039,-4.10213388050615e-09,2.31568487226662e-09,-1.77145600838638,0.0764849019316252,0.278341962699626
"393","Vip","PTSD",0.133171586263678,0.136187126693392,0.0587360106694747,1.0226440227553,0.441055125326646,0.95900142563385,6.74015837752465e-10,2.97988317688509e-09,0.226188678462564,0.821054675732357,0.900100312215907
"395","Vip","Schizophrenia",0.133171586263678,0.167174791494878,0.00897222232101466,1.25533378542082,0.0673733982806947,0.000202370127347782,9.74198236164284e-09,5.28734385448311e-09,1.84250970425967,0.0654006283600743,0.253696942979189
"398","Vip","Education Years",0.133171586263678,0.145416667683051,0.00755348110820189,1.09194965504975,0.056719915412332,0.106348162704322,3.75660011564427e-10,1.53545874862718e-09,0.244656531411408,0.806722388152474,0.895341763843014
"399","Vip","Neuroticism",0.133171586263678,0.155409640568935,0.00963577031306719,1.16698798091378,0.0723560526942173,0.0238445003169973,2.64413335668954e-09,1.65014865232777e-09,1.60236070426723,0.10907586911011,0.32832596245529
"400","L5_IT","ADHD",0.154613389778733,0.182168022588308,0.0124338361895419,1.17821634238153,0.0804188835607056,0.0268410559929198,4.06813128299433e-09,2.8993321861284e-09,1.40312700367965,0.160578970009923,0.397734334121884
"404","L5_IT","Alzheimer Disease",0.154613389778733,0.222678468653783,0.0256945846317821,1.44022758295681,0.166186024823294,0.00565493592872636,8.22954458465889e-11,6.80496154094104e-10,0.120934476045854,0.903742934629724,0.946650611051313
"405","L5_IT","Anorexia",0.154613389778733,0.136214850297688,0.0142517207340392,0.881002935726495,0.0921764974846931,0.188657205735056,-5.85668455743428e-09,4.75294845739062e-09,-1.23222134848262,0.217866410663379,0.468944164415687
"406","L5_IT","Autism",0.154613389778733,0.160271942689295,0.0221715964562293,1.036598078075,0.143400235179884,0.799453438825127,-2.05153995302289e-09,5.50243129769709e-09,-0.372842447643375,0.70926570837623,0.823588141634241
"407","L5_IT","BMI",0.154613389778733,0.19541607165207,0.00802551547685753,1.26390134730071,0.0519069887048131,6.10676652496555e-07,5.4692440611766e-09,2.26462619498637e-09,2.41507586253524,0.0157319326921891,0.123234865793129
"408","L5_IT","Bipolar",0.154613389778733,0.209689644625508,0.0123891403730469,1.35621917950053,0.0801298024108842,3.01922425234455e-05,7.22627968808414e-09,3.09224837249784e-09,2.33690144438396,0.0194443092342841,0.134585120778477
"413","L5_IT","Epilepsy",0.154613389778733,0.197644213324065,0.0173298801099796,1.27831239976637,0.1120852478222,0.00935008358808668,1.03029048941768e-08,1.32863330336321e-08,0.775451350504065,0.438073001989341,0.64210162106794
"414","L5_IT","Age of smoking",0.154613389778733,0.205017936155636,0.014259307625506,1.3260037597587,0.0922255675650897,0.000514186578268968,2.35209094199661e-09,9.14790904314507e-10,2.57117875888713,0.0101352996351227,0.0992604337370373
"415","L5_IT","Cigarettes per day",0.154613389778733,0.19610139737655,0.0135162615747115,1.26833385942311,0.0874197350828067,0.00180548339861465,1.80958604747528e-09,1.57630690421682e-09,1.1479909417604,0.250972303275494,0.503370585546871
"416","L5_IT","Drinks per week",0.154613389778733,0.200686050801399,0.0113711604810225,1.29798622932077,0.073545767913735,6.55979183751778e-05,1.64778097810872e-09,6.43022233706402e-10,2.56255676978827,0.0103904599387774,0.0992604337370373
"417","L5_IT","Smoking cessation",0.154613389778733,0.197433086713614,0.0133117756569633,1.27694688665814,0.0860971722825158,0.0022527284592231,1.95742709573481e-09,1.3087743881431e-09,1.49561843008865,0.134753117621323,0.372005465073452
"418","L5_IT","Smoking initiation",0.154613389778733,0.177292594774497,0.00942326452289882,1.14668331784343,0.0609472733013904,0.0157408904216256,1.36801411072046e-09,7.97332945306959e-10,1.71573759590957,0.0862100803767239,0.295457848281394
"419","L5_IT","Height",0.154613389778733,0.154484482059779,0.00977303309649474,0.999166257727499,0.0632094872926655,0.989469107644499,-2.55118451532447e-08,7.40902586303971e-09,-3.44334675365512,0.000574562115409446,0.0202820426739534
"421","L5_IT","Intelligence",0.154613389778733,0.195252648070194,0.0086585892163037,1.26284436522361,0.0560015483050661,8.28652619902845e-06,6.57454226144116e-09,2.18560044831407e-09,3.00811718194541,0.00262871755688141,0.0463968648789568
"422","L5_IT","Depression",0.154613389778733,0.161790148447322,0.0120674636980853,1.04641744598486,0.0780492796604165,0.553638217774213,-2.70323333790164e-10,1.08124512464478e-09,-0.250011146990347,0.802578728274633,0.893723315712762
"427","L5_IT","Type 2 Diabetes",0.154613389778733,0.193958108598333,0.0298503499448655,1.25447161384862,0.19306445572136,0.188314071723737,3.56300071097757e-09,3.77833026661209e-09,0.943009334695455,0.345676128286329,0.60407759052017
"428","L5_IT","Parkinson Disease",0.154613389778733,0.280282954370165,0.0511550130834585,1.81279871537179,0.330857587151194,0.0135015131217155,7.64579125820474e-09,4.38001792594023e-09,1.74560729829969,0.0808792131923383,0.285503622568954
"429","L5_IT","PTSD",0.154613389778733,0.123301637450138,0.0577076464156156,0.797483566116721,0.373238349525879,0.575689047644723,-8.23410190010894e-10,2.54801332416519e-09,-0.32315772535478,0.746575794923958,0.850133082606959
"431","L5_IT","Schizophrenia",0.154613389778733,0.203424564987134,0.0116883667754104,1.3156982411307,0.0755973773819828,6.65184090180615e-05,1.52038211998343e-08,5.81040714607012e-09,2.61665332869443,0.00887964737287559,0.0949853188674268
"434","L5_IT","Education Years",0.154613389778733,0.192803989450698,0.00751768523086927,1.24700706534292,0.0486224721004296,1.41011761207383e-06,4.60530994619705e-09,1.42469856100702e-09,3.2324802398494,0.00122720622977134,0.0309431285078058
"435","L5_IT","Neuroticism",0.154613389778733,0.181144708307016,0.0085841797135818,1.17159780641413,0.0555202866056208,0.00212735916958599,2.4528764551923e-09,1.34752292463945e-09,1.8202855108002,0.0687155367330156,0.25804877092292
"436","Pvalb","ADHD",0.136841845688062,0.128485651258867,0.0108317907494095,0.93893538641504,0.0791555440877429,0.439424923380577,-4.68125162757686e-09,2.76198978531087e-09,-1.69488375825038,0.0900974741809053,0.300041588545845
"440","Pvalb","Alzheimer Disease",0.136841845688062,0.224100963992443,0.0352616205101649,1.63766399719055,0.257681561753746,0.00836183642766408,6.14645655248838e-10,9.07775043367968e-10,0.677090276648738,0.498348677751925,0.684212244856609
"441","Pvalb","Anorexia",0.136841845688062,0.177371341311259,0.0167512276359536,1.29617764521816,0.122413049544354,0.0158912623048734,1.35524532882862e-08,6.07236380079081e-09,2.23182499153315,0.0256265319006311,0.145905899369722
"442","Pvalb","Autism",0.136841845688062,0.158030087374956,0.0204889232945276,1.15483744449921,0.149727031168764,0.291007192154077,2.24402662470786e-09,5.85620981944657e-09,0.383187538338564,0.701580717143909,0.823308303305995
"443","Pvalb","BMI",0.136841845688062,0.146780729095949,0.00699058139384768,1.07263043959918,0.0510851147812131,0.152163145960784,-4.98227199523309e-09,2.10231501677258e-09,-2.36989792466104,0.017792996816523,0.125618557524652
"444","Pvalb","Bipolar",0.136841845688062,0.179465978079449,0.00912643097670605,1.31148463525223,0.0666932759552969,4.51424189777357e-06,3.77581685211673e-09,2.55273649782277e-09,1.47912518794522,0.139106859460894,0.372005465073452
"449","Pvalb","Epilepsy",0.136841845688062,0.183070037949118,0.0170277869127215,1.33782204579757,0.124434063477463,0.00440003286867021,9.98129136351258e-09,1.31275674734115e-08,0.760330608372693,0.44705699026445,0.649428467338892
"450","Pvalb","Age of smoking",0.136841845688062,0.165988055627457,0.0112279248152235,1.21299193819583,0.0820503754444982,0.0101264001112394,7.3077214172217e-10,7.82277926533231e-10,0.934159225175488,0.35022176526716,0.609006320883289
"451","Pvalb","Cigarettes per day",0.136841845688062,0.153395343631264,0.0134598445154635,1.12096809904871,0.0983605888080894,0.217414864333852,-1.45484030689103e-09,1.90023763350217e-09,-0.765609669675752,0.443908589141365,0.647519553582239
"452","Pvalb","Drinks per week",0.136841845688062,0.170677487765476,0.0114681283417609,1.24726093036296,0.0838057122373456,0.00304068251266053,6.22636936193524e-10,7.57963933649318e-10,0.82145984597942,0.41138438701776,0.627674351925312
"453","Pvalb","Smoking cessation",0.136841845688062,0.149444737374538,0.0123459463800824,1.09209822933261,0.0902205485318114,0.313459985565493,-1.08487223206886e-09,1.36850157467728e-09,-0.792744599014944,0.42792664020409,0.640076711830694
"454","Pvalb","Smoking initiation",0.136841845688062,0.152439722022258,0.00884561592766133,1.11398469712074,0.0646411620888642,0.0800594471915913,6.4325913880637e-10,8.25574158558054e-10,0.77916578678999,0.435882061188425,0.64210162106794
"455","Pvalb","Height",0.136841845688062,0.180710043763325,0.0143976423500041,1.32057590172573,0.10521373982944,0.00343034066437998,4.24548029748775e-10,1.08053415358746e-08,0.039290570162844,0.96865872473254,0.984447356477083
"457","Pvalb","Intelligence",0.136841845688062,0.149963090187627,0.00718954332687932,1.09588619938287,0.0525390701267525,0.0672736642811228,-1.68787273965556e-09,1.99632486408885e-09,-0.845490015186444,0.397837305169697,0.625906451680735
"458","Pvalb","Depression",0.136841845688062,0.172057155388223,0.00967893750423283,1.25734313596176,0.0707308313152724,0.000385497373582505,2.70674418986677e-09,9.88764833267358e-10,2.73750046401061,0.00619080327402376,0.0728451185243463
"463","Pvalb","Type 2 Diabetes",0.136841845688062,0.139860881062701,0.0297497643204637,1.02206222343362,0.217402536270081,0.919123365149828,-3.39232314799114e-09,4.13969235998895e-09,-0.819462620164411,0.412522520245531,0.627674351925312
"464","Pvalb","Parkinson Disease",0.136841845688062,0.143284738408469,0.029343322964929,1.04708276688327,0.214432382268642,0.825219300463084,-4.04683264519755e-09,2.48944173720603e-09,-1.6255984563589,0.104035103814501,0.327134196868915
"465","Pvalb","PTSD",0.136841845688062,0.153539616608686,0.0555528234134908,1.12202240357594,0.405963710399861,0.763146424773718,1.07726763389613e-09,2.82343360723489e-09,0.381545233128802,0.702798713765473,0.823308303305995
"467","Pvalb","Schizophrenia",0.136841845688062,0.172180736490614,0.0088869206929588,1.25824623034616,0.0649430051770641,7.99865472080324e-05,7.07468237412715e-09,5.18414679942515e-09,1.36467631952699,0.172354805621876,0.402922161486901
"470","Pvalb","Education Years",0.136841845688062,0.147402693630851,0.00715651853482167,1.07717557366818,0.0522977346500817,0.14032371034371,-1.00705343999423e-09,1.51818230157856e-09,-0.663328401962746,0.507120250178729,0.684212244856609
"471","Pvalb","Neuroticism",0.136841845688062,0.160145477483346,0.0086430338495053,1.17029609384549,0.0631607517864642,0.00736209577960779,1.95736766366898e-09,1.49571840084292e-09,1.30864717754752,0.190653892286207,0.437018337513189
"472","Lamp5","ADHD",0.138971465112741,0.139458017529799,0.0104559277031315,1.00350109583046,0.0752379468306617,0.962889573137194,-2.64192942280301e-09,2.59385794063082e-09,-1.01853281223277,0.308424815622724,0.567051874556363
"476","Lamp5","Alzheimer Disease",0.138971465112741,0.233986297659256,0.0461053751174938,1.68370030113329,0.331761452468611,0.0296160365387435,1.04582793126211e-09,1.31316866567559e-09,0.796415539449425,0.425790549092189,0.639591760976778
"477","Lamp5","Anorexia",0.138971465112741,0.155224053666774,0.0148090085272674,1.11694910563725,0.106561505379925,0.27455807550503,4.00029084728808e-09,5.13351911618424e-09,0.779249235612373,0.435832912015797,0.64210162106794
"478","Lamp5","Autism",0.138971465112741,0.159070998145157,0.0203353633669822,1.14463064785358,0.146327617331264,0.322269869715597,1.76285734983559e-09,5.74821878272344e-09,0.306678888968865,0.759087800120006,0.858508492344223
"479","Lamp5","BMI",0.138971465112741,0.154210581150307,0.00820793076728576,1.10965643936475,0.0590619862906898,0.0623006254142368,-2.47276884933203e-09,2.45199041748072e-09,-1.00847410809732,0.313226911544042,0.569943813273437
"480","Lamp5","Bipolar",0.138971465112741,0.186134899918918,0.0117167501127719,1.33937495562788,0.0843104741197532,9.99386511296406e-05,5.30060377978134e-09,3.1887188665871e-09,1.66229887348288,0.0964528635720757,0.312365695788465
"485","Lamp5","Epilepsy",0.138971465112741,0.181603632550577,0.0182748001477554,1.30676921627941,0.131500377670553,0.015681005848775,7.64645357195616e-09,1.45410609046396e-08,0.525852523560808,0.598990677771761,0.757862757180759
"486","Lamp5","Age of smoking",0.138971465112741,0.150821216132835,0.0113205136766019,1.08526751164695,0.0814592669611575,0.296263167839468,-5.41321623436991e-10,7.97460646337979e-10,-0.67880669212054,0.497260352993084,0.684212244856609
"487","Lamp5","Cigarettes per day",0.138971465112741,0.166946473260583,0.0149587156945054,1.20130037576525,0.107638756505662,0.0673202672828621,1.26358237094175e-10,1.85219324172006e-09,0.06822087147712,0.94560981263921,0.973767617675613
"488","Lamp5","Drinks per week",0.138971465112741,0.173198469600944,0.0125833394501814,1.24628800207609,0.0905462098998032,0.00599273881407904,7.21740746548068e-10,7.6149892115262e-10,0.947789585119341,0.343236583614733,0.60407759052017
"489","Lamp5","Smoking cessation",0.138971465112741,0.153418279344423,0.013861118111548,1.10395525599419,0.0997407496589546,0.303793627932802,-9.62747446003714e-10,1.40324374742067e-09,-0.686087109080912,0.492658179378993,0.684212244856609
"490","Lamp5","Smoking initiation",0.138971465112741,0.150280246325955,0.00870434567749103,1.08137484341868,0.0626340498780064,0.197733185006899,2.95027789726418e-10,8.10213889843298e-10,0.364135684940527,0.715756690626144,0.825693175787676
"491","Lamp5","Height",0.138971465112741,0.170870861582188,0.0104253565152556,1.22953918233192,0.0750179650678503,0.00211793273100567,-9.16411846591267e-09,8.61904329886418e-09,-1.06324079693628,0.287672765632392,0.545959603592658
"493","Lamp5","Intelligence",0.138971465112741,0.163939282453534,0.00839140212743561,1.17966146734179,0.060382195155157,0.00322877790243017,1.8782520500963e-09,2.16922269951703e-09,0.865864095242269,0.386564694925592,0.625906451680735
"494","Lamp5","Depression",0.138971465112741,0.173955358619633,0.0106060848648273,1.25173436488211,0.0763184359913249,0.00124382917021644,2.56082547049807e-09,1.07080501114248e-09,2.3914955980322,0.0167798851789668,0.123801448905167
"499","Lamp5","Type 2 Diabetes",0.138971465112741,0.185558220880913,0.030623992620534,1.33522533370703,0.22036173106249,0.122465039241034,3.07291295607945e-09,4.06968813562651e-09,0.755073325933461,0.450204986919798,0.65132114910938
"500","Lamp5","Parkinson Disease",0.138971465112741,0.157981606064978,0.0266638823293515,1.13679168552203,0.191865879140875,0.478528034001611,-2.75725762474598e-09,2.26433465034654e-09,-1.21768998426271,0.223341804582119,0.469426054738194
"501","Lamp5","PTSD",0.138971465112741,0.00252107346831023,0.0832152632195598,0.0181409432955536,0.598793882989227,0.0435855006163814,-6.97048478212994e-09,3.20405667418745e-09,-2.1755185662868,0.0295912783491461,0.163214394644509
"503","Lamp5","Schizophrenia",0.138971465112741,0.178620790563361,0.0100243789492162,1.28530551518943,0.0721326420577344,0.000104943097638025,1.01404872984403e-08,5.53547493423253e-09,1.83190917110461,0.0669649539645535,0.254223376176904
"506","Lamp5","Education Years",0.138971465112741,0.163854074718892,0.00742935952161253,1.17904833618876,0.0534596042114506,0.00117767210126381,2.16960852749628e-09,1.50725537124525e-09,1.43944322169097,0.150024985906011,0.389403088417807
"507","Lamp5","Neuroticism",0.138971465112741,0.159037263779775,0.00833693620974688,1.14438790474545,0.0599902735643143,0.0166282565592029,1.34644497650996e-09,1.42523638874714e-09,0.944716951616399,0.344803400335522,0.60407759052017
"508","Oligo","Anorexia",0.132463166978099,0.122635380247107,0.0151374371408845,0.925807400236645,0.114276575792479,0.513842039762509,-5.86507074054681e-09,5.61110277572097e-09,-1.04526168473063,0.295902040973403,0.552663600336568
"509","Oligo","Autism",0.132463166978099,0.133127494992525,0.0171292982354594,1.00501519048337,0.129313669801444,0.969077481599701,-1.31282878549293e-09,5.45938822254506e-09,-0.240471776685799,0.809964540358645,0.895341763843014
"510","Oligo","BMI",0.132463166978099,0.151159637281082,0.00719494454767618,1.14114467236068,0.0543165674792129,0.00908110774583884,-2.70119865291775e-09,2.14226609052328e-09,-1.26090716035091,0.207342298108385,0.457166588008306
"511","Oligo","Bipolar",0.132463166978099,0.149072034420571,0.00928932261994238,1.12538479806404,0.0701275896678374,0.075933779626759,-5.71439231725571e-09,2.78125203456521e-09,-2.05461146499405,0.0399165474004381,0.18643393251438
"516","Oligo","Epilepsy",0.132463166978099,0.197824770024423,0.0199873671629482,1.49343228413926,0.150889999227127,0.00327270019471101,2.02114645856475e-08,2.1077158707632e-08,0.958927380393498,0.337595330172998,0.59903329321295
"517","Oligo","Age of smoking",0.132463166978099,0.136096625752982,0.0125874699645336,1.02742995549459,0.0950261891791758,0.773078658360883,-8.72051700198344e-10,9.78075029377568e-10,-0.891600004095089,0.372607367967681,0.625906451680735
"518","Oligo","Cigarettes per day",0.132463166978099,0.161041262432009,0.0164211359218256,1.2157437128061,0.123967562428434,0.082410574767199,-3.08648177092388e-10,2.01880887187173e-09,-0.152886279326793,0.878487956211664,0.939166421336435
"519","Oligo","Drinks per week",0.132463166978099,0.160361415522161,0.0109708532302033,1.21061136601599,0.0828219155594942,0.0121810915409441,8.28396110394336e-11,7.19994209902304e-10,0.115055940589681,0.908400782223731,0.948439533087023
"520","Oligo","Smoking cessation",0.132463166978099,0.134358329010167,0.00857964421809698,1.01430708683253,0.0647700369380077,0.82466950755495,-2.07195179541735e-09,1.02732307936712e-09,-2.0168453693202,0.0437116526519732,0.199337740834644
"521","Oligo","Smoking initiation",0.132463166978099,0.12935038417392,0.00792810680567947,0.976500767155186,0.0598514061421335,0.694408594662001,-5.9098087945368e-10,8.11211878349068e-10,-0.728516057551339,0.466297742723351,0.666409324620822
"522","Oligo","Height",0.132463166978099,0.196889736733339,0.0116405265279399,1.48637346686639,0.0878774590212268,7.02541969196603e-08,-1.03023078526414e-08,9.58686215424411e-09,-1.07462772353315,0.282541434533027,0.542049599946514
"524","Oligo","Intelligence",0.132463166978099,0.140523863966843,0.00718075836088816,1.06085236502066,0.0542094721476452,0.261692553868669,-3.3559245486055e-09,2.08613618282027e-09,-1.60867951778133,0.107686436716202,0.32832596245529
"525","Oligo","Depression",0.132463166978099,0.127125342572123,0.00829903466410758,0.959703330912667,0.0626516401006756,0.520495853496313,-4.03229274957767e-10,8.80273493516125e-10,-0.458072721634643,0.646900196020754,0.790158370918084
"530","Oligo","Type 2 Diabetes",0.132463166978099,0.174177044308519,0.0295629568782006,1.31490925577309,0.223178696030183,0.139978130494675,-1.56654881002339e-09,4.1630095795146e-09,-0.376301995011514,0.706692396322143,0.823308303305995
"531","Oligo","Parkinson Disease",0.132463166978099,0.200617343371874,0.0294545249138302,1.51451416985253,0.222360114028529,0.0158715227770071,2.90318931319125e-10,2.673019927263e-09,0.108610836888295,0.913511165012997,0.948439533087023
"532","Oligo","PTSD",0.132463166978099,0.0166779095763495,0.0776708417680863,0.125906015663259,0.586358030990818,0.0702270013318049,-5.18179365093449e-09,3.31566114816144e-09,-1.56282364794962,0.118094080334022,0.336187180305723
"534","Oligo","Schizophrenia",0.132463166978099,0.158904554895787,0.00924869547186878,1.19961313413305,0.0698208844228969,0.0047222904895474,8.18249720481912e-10,5.56054689470607e-09,0.147152741623477,0.883011461149761,0.939166421336435
"537","Oligo","Education Years",0.132463166978099,0.144192323480005,0.00654937168802725,1.08854655048255,0.0494429646930462,0.0731926868373381,-3.95206174507547e-10,1.36096405025586e-09,-0.290386931552856,0.771520240303259,0.867346002633919
"538","Oligo","Neuroticism",0.132463166978099,0.128987336432583,0.00720580117836908,0.973760022315556,0.0543985270981815,0.629975954739382,-1.68508673890743e-09,1.31553195588765e-09,-1.28091661427595,0.200222956462111,0.447333567285602
"539","L6_CT","ADHD",0.153697460510615,0.164699858002761,0.0122181222110348,1.07158477085824,0.0794946264593029,0.368526942328838,1.37045407788904e-09,2.76974194196656e-09,0.494794860533468,0.620744932601034,0.768852495467246
"543","L6_CT","Alzheimer Disease",0.153697460510615,0.240523541887122,0.0377793238160217,1.56491552357503,0.245803175215197,0.0160307809622538,1.11990442038871e-09,1.1104230307078e-09,1.00853853839367,0.313195996278013,0.569943813273437
"548","L6_CT","Epilepsy",0.153697460510615,0.17911090954313,0.01635761513569,1.1653472279118,0.106427361137566,0.104612185817105,-1.96643534093011e-09,1.24368208252368e-08,-0.158113988177736,0.874366978292302,0.938150587651011
"549","L6_CT","Drinks per week",0.153697460510615,0.174701892815774,0.0110425143655931,1.13666089365028,0.0718457828054379,0.0593319568349272,3.53631502366479e-10,6.82372355762906e-10,0.518238318683224,0.604292002535685,0.761839560339631
"550","L6_CT","Smoking cessation",0.153697460510615,0.179043885377907,0.0119367664321631,1.16491114936503,0.0776640446270658,0.0385755114903498,8.22196310181446e-10,1.19091180287774e-09,0.690392276065006,0.489947532711252,0.684212244856609
"551","L6_CT","Smoking initiation",0.153697460510615,0.158789163932141,0.00887333080859619,1.03312809076097,0.057732449053596,0.564652288961426,1.09410300945757e-10,7.72420096492458e-10,0.14164610869472,0.887359544617626,0.940654412162228
"552","L6_CT","Height",0.153697460510615,0.153407154634414,0.00926538116548884,0.998111186253584,0.0602832417315633,0.975008435472582,-2.24123015404732e-08,6.79843442253627e-09,-3.29668569960434,0.000978329155431287,0.0309431285078058
"554","L6_CT","Intelligence",0.153697460510615,0.189330578329708,0.00764166029418704,1.23183934009522,0.0497188455085714,5.30947460712618e-06,5.91783481143068e-09,1.8756469456655e-09,3.15508994115679,0.00160448634693903,0.0353989800293422
"555","L6_CT","Depression",0.153697460510615,0.164376045745864,0.0114170294347349,1.06947795493674,0.0742824858446272,0.350411239342841,3.98343221287871e-10,1.03928137767763e-09,0.383287173083008,0.701506848816041,0.823308303305995
"558","L6_CT","Schizophrenia",0.153697460510615,0.194596015487615,0.00962732358446928,1.26609779264489,0.0626381434832122,6.33916437445588e-05,1.19936921871321e-08,4.77621211410869e-09,2.51113055714242,0.0120345179564204,0.103614264356498
"561","L6_CT","Education Years",0.153697460510615,0.181925229671038,0.00788628630623541,1.18365800623279,0.0513104528860497,0.000504907469727298,3.26596803868888e-09,1.46303073849112e-09,2.23233043077223,0.0255931320620518,0.145905899369722
"562","VLMC","ADHD",0.128342491787251,0.0983941534540089,0.0101899068998338,0.766652977387358,0.0793962058701898,0.00323453816901529,-8.33435852991154e-09,2.62353254985407e-09,-3.17676963084568,0.00148925281520905,0.0350470829179197
"566","VLMC","Alzheimer Disease",0.128342491787251,0.240678347234187,0.0681279948658155,1.87528186403885,0.53082961003086,0.0903309133277777,-9.28912544056833e-10,2.09518813690025e-09,-0.443355194551226,0.657508838760253,0.794865137268388
"567","VLMC","Anorexia",0.128342491787251,0.114681997439252,0.0156281696631413,0.89356218538562,0.121769255415794,0.37573400953409,-3.77866577915745e-09,5.76788725897745e-09,-0.655121296498321,0.512389661532152,0.684212244856609
"568","VLMC","Autism",0.128342491787251,0.0896608710362281,0.0249227976736744,0.698606282203524,0.194189759966544,0.0923400758212029,-1.23447039564187e-08,6.61286692345099e-09,-1.86677035835109,0.0619336635460646,0.245647002604054
"569","VLMC","BMI",0.128342491787251,0.133120514987027,0.00779595687741663,1.03722869279877,0.0607433810022927,0.539855075470859,-6.40155554454109e-09,2.38382571808982e-09,-2.685412568529,0.0072440324899843,0.0824884989988535
"570","VLMC","Bipolar",0.128342491787251,0.130367252720916,0.0115638313790264,1.01577623206055,0.0901013469350067,0.861026613455309,-8.71076685592177e-09,3.39985136693834e-09,-2.56210225559539,0.0104040681254118,0.0992604337370373
"572","VLMC","Age of smoking",0.128342491787251,0.121408326614218,0.0114710008093487,0.945971399834378,0.0893780434648547,0.546123188552104,-1.47580346803738e-09,9.0627126632752e-10,-1.62843457899507,0.103432770509804,0.327134196868915
"573","VLMC","Drinks per week",0.128342491787251,0.140519919736472,0.0131880713844615,1.09488227772144,0.102756859406493,0.359568772149906,-4.9292044349452e-10,8.75123490363867e-10,-0.563258156045576,0.573259107019544,0.736139751998081
"574","VLMC","Smoking cessation",0.128342491787251,0.138050558761891,0.014091302861066,1.07564187697659,0.109794524516671,0.492410480676181,-1.42277965478371e-09,1.59990132624379e-09,-0.889292127861458,0.373846101144068,0.625906451680735
"575","VLMC","Smoking initiation",0.128342491787251,0.0964823444544274,0.00753394763379134,0.751756827461029,0.058701896222181,2.97394401077239e-05,-2.36669116214124e-09,7.77954481122833e-10,-3.04219748014738,0.00234857758575222,0.0439506197609276
"576","VLMC","Height",0.128342491787251,0.253444347231207,0.0150661798511241,1.97475009018316,0.11739042651672,4.47574591097627e-13,3.95479948618353e-08,1.30091176414676e-08,3.04002131057473,0.0023656140947808,0.0439506197609276
"578","VLMC","Intelligence",0.128342491787251,0.111309497385192,0.00758316082518225,0.867284839456799,0.0590853482707237,0.0264153371606159,-8.22432308713841e-09,2.10950370293516e-09,-3.89870047428459,9.67103142726611e-05,0.0056897901563749
"579","VLMC","Depression",0.128342491787251,0.10634167355586,0.00811437222888445,0.828577286251682,0.063224362530964,0.0066392253784946,-1.27424038570179e-09,8.48017977128434e-10,-1.50261010977224,0.132939614834842,0.372005465073452
"584","VLMC","Type 2 Diabetes",0.128342491787251,0.195114266347631,0.0315500091922426,1.52026241372238,0.24582668415494,0.0399559739154699,2.58195981027351e-09,4.5720024956239e-09,0.564732808598603,0.572255515045509,0.736139751998081
"586","VLMC","Schizophrenia",0.128342491787251,0.120040844332873,0.00932618933540263,0.935316454131655,0.0726664194027205,0.371238665887968,-1.54012056903102e-08,5.41473935230793e-09,-2.84431155190244,0.00445075049254277,0.0604655799174531
"589","VLMC","Education Years",0.128342491787251,0.115973140394698,0.0060962559995085,0.903622321646542,0.0474999036921773,0.0423812713199387,-4.04302876855382e-09,1.25043518955697e-09,-3.23329733705451,0.00122370125957617,0.0309431285078058
"590","VLMC","Neuroticism",0.128342491787251,0.123098568578363,0.0078652374297347,0.959141176582566,0.0612831909386068,0.505796529886465,-4.96452461833798e-10,1.45706828095464e-09,-0.340720107851455,0.733314299623003,0.843192012270098
